1,1,73,2621.0
1,2,72,2678.0
1,3,71,2700.0
1,4,70,2528.0
1,5,69,2550.0
1,6,68,2521.0
1,7,67,2574.0
1,8,66,2437.0
1,9,65,2678.0
1,10,64,2602.0
1,11,63,2673.0
1,12,62,2532.0
1,13,61,2466.0
1,14,60,2556.0
1,15,59,2422.0
1,16,58,2478.0
1,17,57,2594.0
1,18,56,2687.0
1,19,55,2562.0
1,20,54,2656.0
1,21,53,2699.0
1,22,52,2593.0
1,23,51,2737.0
1,24,50,2693.0
1,25,49,2727.0
1,26,48,2783.0
1,27,47,2767.0
1,28,46,2800.0
1,29,45,2737.0
1,30,44,2779.0
1,31,43,2836.0
1,32,42,3007.0
1,33,41,3113.0
1,34,40,3048.0
1,35,39,3049.0
1,36,38,3053.0
1,37,37,3043.0
1,38,36,3085.0
1,39,35,3195.0
1,40,34,3315.0
1,41,33,3187.0
1,42,32,3257.0
1,43,31,3202.0
1,44,30,3352.0
1,45,29,3351.0
1,46,28,3367.0
1,47,27,3499.0
1,48,26,3315.0
1,49,25,3505.0
1,50,24,3507.0
1,51,23,3510.0
1,52,22,3657.0
1,53,21,3724.0
1,54,20,3639.0
1,55,19,3600.0
1,56,18,3762.0
1,57,17,3674.0
1,58,16,3772.0
1,59,15,3901.0
1,60,14,3899.0
1,61,13,3940.0
1,62,12,3861.0
1,63,11,4014.0
1,64,10,3943.0
1,65,9,4017.0
1,66,8,3990.0
1,67,7,4146.0
1,68,6,3982.0
1,69,5,4150.0
1,70,4,4259.0
1,71,3,4318.0
1,72,2,4369.0
1,73,1,4390.0
2,1,72,2612.0
2,2,71,2536.0
2,3,70,2536.0
2,4,69,2481.0
2,5,68,2521.0
2,6,67,2574.0
2,7,66,2470.0
2,8,65,2457.0
2,9,64,2543.0
2,10,63,2480.0
2,11,62,2428.0
2,12,61,2475.0
2,13,60,2475.0
2,14,59,2604.0
2,15,58,2502.0
2,16,57,2623.0
2,17,56,2546.0
2,18,55,2551.0
2,19,54,2599.0
2,20,53,2620.0
2,21,52,2718.0
2,22,51,2535.0
2,23,50,2704.0
2,24,49,2640.0
2,25,48,2726.0
2,26,47,2699.0
2,27,46,2678.0
2,28,45,2792.0
2,29,44,2792.0
2,30,43,2692.0
2,31,42,2763.0
2,32,41,2878.0
2,33,40,2914.0
2,34,39,3064.0
2,35,38,2922.0
2,36,37,2947.0
2,37,36,2987.0
2,38,35,3071.0
2,39,34,3052.0
2,40,33,3214.0
2,41,32,3275.0
2,42,31,3221.0
2,43,30,3204.0
2,44,29,3410.0
2,45,28,3461.0
2,46,27,3385.0
2,47,26,3339.0
2,48,25,3492.0
2,49,24,3359.0
2,50,23,3525.0
2,51,22,3621.0
2,52,21,3555.0
2,53,20,3575.0
2,54,19,3655.0
2,55,18,3639.0
2,56,17,3743.0
2,57,16,3643.0
2,58,15,3729.0
2,59,14,3866.0
2,60,13,3914.0
2,61,12,3900.0
2,62,11,3952.0
2,63,10,3989.0
2,64,9,4001.0
2,65,8,4095.0
2,66,7,4135.0
2,67,6,4076.0
2,68,5,4149.0
2,69,4,4074.0
2,70,3,4148.0
2,71,2,4238.0
2,72,1,4242.0
3,1,71,2629.0
3,2,70,2465.0
3,3,69,2543.0
3,4,68,2622.0
3,5,67,2574.0
3,6,66,2500.0
3,7,65,2522.0
3,8,64,2488.0
3,9,63,2505.0
3,10,62,2485.0
3,11,61,2498.0
3,12,60,2396.0
3,13,59,2504.0
3,14,58,2612.0
3,15,57,2548.0
3,16,56,2526.0
3,17,55,2628.0
3,18,54,2588.0
3,19,53,2572.0
3,20,52,2661.0
3,21,51,2708.0
3,22,50,2491.0
3,23,49,2547.0
3,24,48,2706.0
3,25,47,2733.0
3,26,46,2760.0
3,27,45,2770.0
3,28,44,2911.0
3,29,43,2736.0
3,30,42,2977.0
3,31,41,2881.0
3,32,40,2809.0
3,33,39,2894.0
3,34,38,3038.0
3,35,37,3048.0
3,36,36,3028.0
3,37,35,3121.0
3,38,34,2975.0
3,39,33,2943.0
3,40,32,3272.0
3,41,31,3180.0
3,42,30,3224.0
3,43,29,3205.0
3,44,28,3305.0
3,45,27,3360.0
3,46,26,3270.0
3,47,25,3358.0
3,48,24,3432.0
3,49,23,3527.0
3,50,22,3511.0
3,51,21,3569.0
3,52,20,3550.0
3,53,19,3532.0
3,54,18,3749.0
3,55,17,3565.0
3,56,16,3681.0
3,57,15,3685.0
3,58,14,3722.0
3,59,13,3854.0
3,60,12,3752.0
3,61,11,3949.0
3,62,10,3985.0
3,63,9,4016.0
3,64,8,4036.0
3,65,7,4016.0
3,66,6,4113.0
3,67,5,4074.0
3,68,4,4126.0
3,69,3,4187.0
3,70,2,4158.0
3,71,1,4304.0
4,1,70,2565.0
4,2,69,2536.0
4,3,68,2589.0
4,4,67,2495.0
4,5,66,2445.0
4,6,65,2523.0
4,7,64,2458.0
4,8,63,2443.0
4,9,62,2486.0
4,10,61,2678.0
4,11,60,2502.0
4,12,59,2489.0
4,13,58,2527.0
4,14,57,2505.0
4,15,56,2477.0
4,16,55,2607.0
4,17,54,2534.0
4,18,53,2431.0
4,19,52,2580.0
4,20,51,2545.0
4,21,50,2639.0
4,22,49,2702.0
4,23,48,2707.0
4,24,47,2578.0
4,25,46,2627.0
4,26,45,2846.0
4,27,44,2736.0
4,28,43,2704.0
4,29,42,2793.0
4,30,41,2884.0
4,31,40,2749.0
4,32,39,2850.0
4,33,38,2892.0
4,34,37,3039.0
4,35,36,3041.0
4,36,35,2939.0
4,37,34,3141.0
4,38,33,3185.0
4,39,32,3006.0
4,40,31,3160.0
4,41,30,3091.0
4,42,29,3228.0
4,43,28,3233.0
4,44,27,3352.0
4,45,26,3226.0
4,46,25,3401.0
4,47,24,3538.0
4,48,23,3357.0
4,49,22,3491.0
4,50,21,3473.0
4,51,20,3457.0
4,52,19,3558.0
4,53,18,3548.0
4,54,17,3588.0
4,55,16,3744.0
4,56,15,3707.0
4,57,14,3772.0
4,58,13,3682.0
4,59,12,3894.0
4,60,11,3840.0
4,61,10,3906.0
4,62,9,3960.0
4,63,8,4005.0
4,64,7,3996.0
4,65,6,3966.0
4,66,5,4051.0
4,67,4,4222.0
4,68,3,4141.0
4,69,2,4175.0
4,70,1,4103.0
5,1,69,2444.0
5,2,68,2505.0
5,3,67,2421.0
5,4,66,2511.0
5,5,65,2373.0
5,6,64,2479.0
5,7,63,2468.0
5,8,62,2403.0
5,9,61,2532.0
5,10,60,2484.0
5,11,59,2544.0
5,12,58,2531.0
5,13,57,2502.0
5,14,56,2567.0
5,15,55,2515.0
5,16,54,2555.0
5,17,53,2645.0
5,18,52,2489.0
5,19,51,2577.0
5,20,50,2564.0
5,21,49,2752.0
5,22,48,2587.0
5,23,47,2739.0
5,24,46,2646.0
5,25,45,2649.0
5,26,44,2577.0
5,27,43,2666.0
5,28,42,2771.0
5,29,41,2792.0
5,30,40,2796.0
5,31,39,2977.0
5,32,38,2841.0
5,33,37,2973.0
5,34,36,2999.0
5,35,35,3012.0
5,36,34,2844.0
5,37,33,3010.0
5,38,32,3224.0
5,39,31,3182.0
5,40,30,3097.0
5,41,29,3146.0
5,42,28,3127.0
5,43,27,3166.0
5,44,26,3293.0
5,45,25,3372.0
5,46,24,3334.0
5,47,23,3424.0
5,48,22,3333.0
5,49,21,3481.0
5,50,20,3461.0
5,51,19,3517.0
5,52,18,3688.0
5,53,17,3617.0
5,54,16,3692.0
5,55,15,3767.0
5,56,14,3786.0
5,57,13,3749.0
5,58,12,3781.0
5,59,11,3702.0
5,60,10,3809.0
5,61,9,3926.0
5,62,8,3858.0
5,63,7,3995.0
5,64,6,3993.0
5,65,5,3975.0
5,66,4,4055.0
5,67,3,3926.0
5,68,2,4152.0
5,69,1,4100.0
6,1,68,2404.0
6,2,67,2593.0
6,3,66,2544.0
6,4,65,2357.0
6,5,64,2441.0
6,6,63,2624.0
6,7,62,2505.0
6,8,61,2439.0
6,9,60,2511.0
6,10,59,2422.0
6,11,58,2527.0
6,12,57,2520.0
6,13,56,2483.0
6,14,55,2414.0
6,15,54,2589.0
6,16,53,2382.0
6,17,52,2479.0
6,18,51,2509.0
6,19,50,2524.0
6,20,49,2471.0
6,21,48,2565.0
6,22,47,2721.0
6,23,46,2609.0
6,24,45,2596.0
6,25,44,2675.0
6,26,43,2603.0
6,27,42,2779.0
6,28,41,2596.0
6,29,40,2777.0
6,30,39,2807.0
6,31,38,2891.0
6,32,37,2854.0
6,33,36,2916.0
6,34,35,2870.0
6,35,34,3017.0
6,36,33,2955.0
6,37,32,3069.0
6,38,31,3019.0
6,39,30,3121.0
6,40,29,3107.0
6,41,28,2973.0
6,42,27,3308.0
6,43,26,3374.0
6,44,25,3215.0
6,45,24,3384.0
6,46,23,3327.0
6,47,22,3317.0
6,48,21,3224.0
6,49,20,3420.0
6,50,19,3544.0
6,51,18,3615.0
6,52,17,3597.0
6,53,16,3591.0
6,54,15,3610.0
6,55,14,3659.0
6,56,13,3636.0
6,57,12,3655.0
6,58,11,3819.0
6,59,10,3718.0
6,60,9,3740.0
6,61,8,3917.0
6,62,7,3920.0
6,63,6,4102.0
6,64,5,4021.0
6,65,4,3995.0
6,66,3,3945.0
6,67,2,4052.0
6,68,1,4131.0
7,1,67,2613.0
7,2,66,2453.0
7,3,65,2471.0
7,4,64,2321.0
7,5,63,2416.0
7,6,62,2473.0
7,7,61,2418.0
7,8,60,2453.0
7,9,59,2352.0
7,10,58,2388.0
7,11,57,2523.0
7,12,56,2498.0
7,13,55,2377.0
7,14,54,2458.0
7,15,53,2357.0
7,16,52,2421.0
7,17,51,2541.0
7,18,50,2608.0
7,19,49,2510.0
7,20,48,2485.0
7,21,47,2572.0
7,22,46,2671.0
7,23,45,2519.0
7,24,44,2608.0
7,25,43,2612.0
7,26,42,2548.0
7,27,41,2748.0
7,28,40,2647.0
7,29,39,2851.0
7,30,38,2584.0
7,31,37,2818.0
7,32,36,2925.0
7,33,35,2850.0
7,34,34,2939.0
7,35,33,3117.0
7,36,32,2985.0
7,37,31,3020.0
7,38,30,3191.0
7,39,29,3112.0
7,40,28,3207.0
7,41,27,3210.0
7,42,26,3295.0
7,43,25,3352.0
7,44,24,3234.0
7,45,23,3258.0
7,46,22,3337.0
7,47,21,3286.0
7,48,20,3552.0
7,49,19,3528.0
7,50,18,3431.0
7,51,17,3484.0
7,52,16,3515.0
7,53,15,3498.0
7,54,14,3688.0
7,55,13,3717.0
7,56,12,3883.0
7,57,11,3829.0
7,58,10,3775.0
7,59,9,3856.0
7,60,8,3815.0
7,61,7,3964.0
7,62,6,3860.0
7,63,5,4005.0
7,64,4,3936.0
7,65,3,4039.0
7,66,2,4104.0
7,67,1,4054.0
8,1,66,2529.0
8,2,65,2396.0
8,3,64,2478.0
8,4,63,2344.0
8,5,62,2378.0
8,6,61,2462.0
8,7,60,2398.0
8,8,59,2504.0
8,9,58,2442.0
8,10,57,2365.0
8,11,56,2492.0
8,12,55,2457.0
8,13,54,2384.0
8,14,53,2586.0
8,15,52,2497.0
8,16,51,2554.0
8,17,50,2484.0
8,18,49,2323.0
8,19,48,2415.0
8,20,47,2419.0
8,21,46,2668.0
8,22,45,2563.0
8,23,44,2500.0
8,24,43,2569.0
8,25,42,2648.0
8,26,41,2833.0
8,27,40,2624.0
8,28,39,2737.0
8,29,38,2841.0
8,30,37,2839.0
8,31,36,2740.0
8,32,35,2841.0
8,33,34,2877.0
8,34,33,3012.0
8,35,32,2832.0
8,36,31,3026.0
8,37,30,2917.0
8,38,29,2952.0
8,39,28,3045.0
8,40,27,3094.0
8,41,26,3243.0
8,42,25,3235.0
8,43,24,3269.0
8,44,23,3265.0
8,45,22,3411.0
8,46,21,3402.0
8,47,20,3187.0
8,48,19,3497.0
8,49,18,3430.0
8,50,17,3578.0
8,51,16,3401.0
8,52,15,3718.0
8,53,14,3562.0
8,54,13,3658.0
8,55,12,3652.0
8,56,11,3655.0
8,57,10,3612.0
8,58,9,3744.0
8,59,8,3727.0
8,60,7,3796.0
8,61,6,3906.0
8,62,5,3900.0
8,63,4,3854.0
8,64,3,4067.0
8,65,2,4027.0
8,66,1,4117.0
9,1,65,2480.0
9,2,64,2458.0
9,3,63,2450.0
9,4,62,2380.0
9,5,61,2420.0
9,6,60,2423.0
9,7,59,2320.0
9,8,58,2421.0
9,9,57,2359.0
9,10,56,2304.0
9,11,55,2415.0
9,12,54,2362.0
9,13,53,2549.0
9,14,52,2395.0
9,15,51,2384.0
9,16,50,2617.0
9,17,49,2463.0
9,18,48,2443.0
9,19,47,2505.0
9,20,46,2632.0
9,21,45,2576.0
9,22,44,2589.0
9,23,43,2571.0
9,24,42,2546.0
9,25,41,2658.0
9,26,40,2712.0
9,27,39,2572.0
9,28,38,2689.0
9,29,37,2731.0
9,30,36,2738.0
9,31,35,2794.0
9,32,34,2761.0
9,33,33,2809.0
9,34,32,2905.0
9,35,31,2873.0
9,36,30,2987.0
9,37,29,2961.0
9,38,28,3024.0
9,39,27,3096.0
9,40,26,3190.0
9,41,25,3331.0
9,42,24,3146.0
9,43,23,3280.0
9,44,22,3299.0
9,45,21,3300.0
9,46,20,3124.0
9,47,19,3339.0
9,48,18,3396.0
9,49,17,3576.0
9,50,16,3508.0
9,51,15,3487.0
9,52,14,3544.0
9,53,13,3615.0
9,54,12,3577.0
9,55,11,3480.0
9,56,10,3718.0
9,57,9,3789.0
9,58,8,3841.0
9,59,7,3854.0
9,60,6,3797.0
9,61,5,3781.0
9,62,4,3863.0
9,63,3,3992.0
9,64,2,3975.0
9,65,1,3962.0
10,1,64,2351.0
10,2,63,2442.0
10,3,62,2400.0
10,4,61,2411.0
10,5,60,2387.0
10,6,59,2397.0
10,7,58,2395.0
10,8,57,2384.0
10,9,56,2585.0
10,10,55,2435.0
10,11,54,2408.0
10,12,53,2343.0
10,13,52,2359.0
10,14,51,2242.0
10,15,50,2381.0
10,16,49,2377.0
10,17,48,2536.0
10,18,47,2495.0
10,19,46,2500.0
10,20,45,2516.0
10,21,44,2671.0
10,22,43,2499.0
10,23,42,2602.0
10,24,41,2670.0
10,25,40,2696.0
10,26,39,2628.0
10,27,38,2678.0
10,28,37,2771.0
10,29,36,2872.0
10,30,35,2653.0
10,31,34,2872.0
10,32,33,2749.0
10,33,32,2889.0
10,34,31,3012.0
10,35,30,2871.0
10,36,29,2985.0
10,37,28,3095.0
10,38,27,3009.0
10,39,26,3259.0
10,40,25,3072.0
10,41,24,3176.0
10,42,23,3335.0
10,43,22,3303.0
10,44,21,3231.0
10,45,20,3248.0
10,46,19,3421.0
10,47,18,3274.0
10,48,17,3499.0
10,49,16,3362.0
10,50,15,3377.0
10,51,14,3566.0
10,52,13,3603.0
10,53,12,3544.0
10,54,11,3595.0
10,55,10,3607.0
10,56,9,3672.0
10,57,8,3798.0
10,58,7,3706.0
10,59,6,3722.0
10,60,5,3976.0
10,61,4,3781.0
10,62,3,3766.0
10,63,2,4019.0
10,64,1,4058.0
11,1,63,2355.0
11,2,62,2460.0
11,3,61,2352.0
11,4,60,2369.0
11,5,59,2430.0
11,6,58,2309.0
11,7,57,2393.0
11,8,56,2387.0
11,9,55,2533.0
11,10,54,2393.0
11,11,53,2365.0
11,12,52,2287.0
11,13,51,2355.0
11,14,50,2387.0
11,15,49,2371.0
11,16,48,2432.0
11,17,47,2447.0
11,18,46,2469.0
11,19,45,2541.0
11,20,44,2448.0
11,21,43,2403.0
11,22,42,2508.0
11,23,41,2628.0
11,24,40,2579.0
11,25,39,2571.0
11,26,38,2619.0
11,27,37,2638.0
11,28,36,2680.0
11,29,35,2818.0
11,30,34,2864.0
11,31,33,2778.0
11,32,32,2736.0
11,33,31,2755.0
11,34,30,2906.0
11,35,29,2975.0
11,36,28,3045.0
11,37,27,2993.0
11,38,26,3120.0
11,39,25,3137.0
11,40,24,3096.0
11,41,23,3152.0
11,42,22,3127.0
11,43,21,3265.0
11,44,20,3275.0
11,45,19,3119.0
11,46,18,3323.0
11,47,17,3332.0
11,48,16,3305.0
11,49,15,3380.0
11,50,14,3524.0
11,51,13,3450.0
11,52,12,3593.0
11,53,11,3618.0
11,54,10,3725.0
11,55,9,3641.0
11,56,8,3897.0
11,57,7,3626.0
11,58,6,3574.0
11,59,5,3865.0
11,60,4,3889.0
11,61,3,3734.0
11,62,2,3875.0
11,63,1,3829.0
12,1,62,2415.0
12,2,61,2435.0
12,3,60,2463.0
12,4,59,2418.0
12,5,58,2530.0
12,6,57,2338.0
12,7,56,2344.0
12,8,55,2352.0
12,9,54,2433.0
12,10,53,2431.0
12,11,52,2469.0
12,12,51,2335.0
12,13,50,2375.0
12,14,49,2381.0
12,15,48,2437.0
12,16,47,2442.0
12,17,46,2358.0
12,18,45,2457.0
12,19,44,2563.0
12,20,43,2540.0
12,21,42,2577.0
12,22,41,2449.0
12,23,40,2659.0
12,24,39,2566.0
12,25,38,2661.0
12,26,37,2740.0
12,27,36,2645.0
12,28,35,2619.0
12,29,34,2749.0
12,30,33,2749.0
12,31,32,2792.0
12,32,31,2821.0
12,33,30,2973.0
12,34,29,2787.0
12,35,28,3049.0
12,36,27,2970.0
12,37,26,3109.0
12,38,25,3040.0
12,39,24,3162.0
12,40,23,3244.0
12,41,22,3209.0
12,42,21,3234.0
12,43,20,3169.0
12,44,19,3289.0
12,45,18,3379.0
12,46,17,3339.0
12,47,16,3406.0
12,48,15,3400.0
12,49,14,3438.0
12,50,13,3471.0
12,51,12,3469.0
12,52,11,3559.0
12,53,10,3453.0
12,54,9,3588.0
12,55,8,3569.0
12,56,7,3683.0
12,57,6,3772.0
12,58,5,3710.0
12,59,4,3736.0
12,60,3,3849.0
12,61,2,3883.0
12,62,1,3950.0
13,1,61,2528.0
13,2,60,2466.0
13,3,59,2534.0
13,4,58,2479.0
13,5,57,2432.0
13,6,56,2325.0
13,7,55,2399.0
13,8,54,2395.0
13,9,53,2381.0
13,10,52,2297.0
13,11,51,2370.0
13,12,50,2313.0
13,13,49,2301.0
13,14,48,2404.0
13,15,47,2513.0
13,16,46,2537.0
13,17,45,2346.0
13,18,44,2508.0
13,19,43,2392.0
13,20,42,2361.0
13,21,41,2503.0
13,22,40,2533.0
13,23,39,2515.0
13,24,38,2642.0
13,25,37,2656.0
13,26,36,2672.0
13,27,35,2782.0
13,28,34,2562.0
13,29,33,2757.0
13,30,32,2748.0
13,31,31,2872.0
13,32,30,2808.0
13,33,29,2794.0
13,34,28,2853.0
13,35,27,2857.0
13,36,26,2965.0
13,37,25,2992.0
13,38,24,3147.0
13,39,23,3099.0
13,40,22,3123.0
13,41,21,3108.0
13,42,20,3190.0
13,43,19,3134.0
13,44,18,3255.0
13,45,17,3404.0
13,46,16,3345.0
13,47,15,3152.0
13,48,14,3430.0
13,49,13,3436.0
13,50,12,3307.0
13,51,11,3561.0
13,52,10,3559.0
13,53,9,3515.0
13,54,8,3663.0
13,55,7,3622.0
13,56,6,3666.0
13,57,5,3743.0
13,58,4,3791.0
13,59,3,3816.0
13,60,2,3732.0
13,61,1,3780.0
14,1,60,2447.0
14,2,59,2385.0
14,3,58,2490.0
14,4,57,2358.0
14,5,56,2335.0
14,6,55,2390.0
14,7,54,2387.0
14,8,53,2426.0
14,9,52,2387.0
14,10,51,2352.0
14,11,50,2389.0
14,12,49,2309.0
14,13,48,2293.0
14,14,47,2304.0
14,15,46,2455.0
14,16,45,2342.0
14,17,44,2350.0
14,18,43,2430.0
14,19,42,2608.0
14,20,41,2615.0
14,21,40,2370.0
14,22,39,2503.0
14,23,38,2498.0
14,24,37,2591.0
14,25,36,2653.0
14,26,35,2664.0
14,27,34,2796.0
14,28,33,2760.0
14,29,32,2760.0
14,30,31,2651.0
14,31,30,2729.0
14,32,29,2847.0
14,33,28,2743.0
14,34,27,2735.0
14,35,26,2891.0
14,36,25,2822.0
14,37,24,2931.0
14,38,23,3114.0
14,39,22,2989.0
14,40,21,3101.0
14,41,20,3118.0
14,42,19,3275.0
14,43,18,3169.0
14,44,17,3237.0
14,45,16,3219.0
14,46,15,3179.0
14,47,14,3295.0
14,48,13,3445.0
14,49,12,3300.0
14,50,11,3429.0
14,51,10,3461.0
14,52,9,3498.0
14,53,8,3608.0
14,54,7,3708.0
14,55,6,3598.0
14,56,5,3632.0
14,57,4,3705.0
14,58,3,3681.0
14,59,2,3781.0
14,60,1,3841.0
15,1,59,2387.0
15,2,58,2347.0
15,3,57,2203.0
15,4,56,2403.0
15,5,55,2272.0
15,6,54,2476.0
15,7,53,2333.0
15,8,52,2375.0
15,9,51,2429.0
15,10,50,2363.0
15,11,49,2397.0
15,12,48,2404.0
15,13,47,2412.0
15,14,46,2305.0
15,15,45,2384.0
15,16,44,2477.0
15,17,43,2439.0
15,18,42,2573.0
15,19,41,2483.0
15,20,40,2572.0
15,21,39,2481.0
15,22,38,2492.0
15,23,37,2508.0
15,24,36,2597.0
15,25,35,2591.0
15,26,34,2630.0
15,27,33,2520.0
15,28,32,2754.0
15,29,31,2642.0
15,30,30,2759.0
15,31,29,2754.0
15,32,28,2773.0
15,33,27,2867.0
15,34,26,2847.0
15,35,25,2883.0
15,36,24,3046.0
15,37,23,2940.0
15,38,22,2997.0
15,39,21,3028.0
15,40,20,3085.0
15,41,19,3092.0
15,42,18,3182.0
15,43,17,3169.0
15,44,16,3154.0
15,45,15,3315.0
15,46,14,3362.0
15,47,13,3201.0
15,48,12,3330.0
15,49,11,3262.0
15,50,10,3595.0
15,51,9,3445.0
15,52,8,3646.0
15,53,7,3467.0
15,54,6,3583.0
15,55,5,3636.0
15,56,4,3580.0
15,57,3,3654.0
15,58,2,3834.0
15,59,1,3860.0
16,1,58,2303.0
16,2,57,2390.0
16,3,56,2343.0
16,4,55,2292.0
16,5,54,2274.0
16,6,53,2324.0
16,7,52,2252.0
16,8,51,2368.0
16,9,50,2458.0
16,10,49,2323.0
16,11,48,2375.0
16,12,47,2232.0
16,13,46,2476.0
16,14,45,2506.0
16,15,44,2477.0
16,16,43,2346.0
16,17,42,2265.0
16,18,41,2455.0
16,19,40,2406.0
16,20,39,2492.0
16,21,38,2578.0
16,22,37,2384.0
16,23,36,2567.0
16,24,35,2582.0
16,25,34,2656.0
16,26,33,2556.0
16,27,32,2631.0
16,28,31,2768.0
16,29,30,2846.0
16,30,29,2553.0
16,31,28,2707.0
16,32,27,2751.0
16,33,26,2896.0
16,34,25,2939.0
16,35,24,3021.0
16,36,23,2977.0
16,37,22,2944.0
16,38,21,3079.0
16,39,20,3187.0
16,40,19,3006.0
16,41,18,3022.0
16,42,17,3207.0
16,43,16,3205.0
16,44,15,3181.0
16,45,14,3252.0
16,46,13,3371.0
16,47,12,3379.0
16,48,11,3384.0
16,49,10,3438.0
16,50,9,3301.0
16,51,8,3463.0
16,52,7,3608.0
16,53,6,3704.0
16,54,5,3606.0
16,55,4,3646.0
16,56,3,3612.0
16,57,2,3644.0
16,58,1,3606.0
17,1,57,2368.0
17,2,56,2325.0
17,3,55,2378.0
17,4,54,2217.0
17,5,53,2291.0
17,6,52,2427.0
17,7,51,2331.0
17,8,50,2274.0
17,9,49,2415.0
17,10,48,2394.0
17,11,47,2462.0
17,12,46,2314.0
17,13,45,2417.0
17,14,44,2554.0
17,15,43,2413.0
17,16,42,2283.0
17,17,41,2511.0
17,18,40,2478.0
17,19,39,2436.0
17,20,38,2438.0
17,21,37,2481.0
17,22,36,2564.0
17,23,35,2683.0
17,24,34,2588.0
17,25,33,2627.0
17,26,32,2616.0
17,27,31,2737.0
17,28,30,2584.0
17,29,29,2665.0
17,30,28,2820.0
17,31,27,2931.0
17,32,26,2778.0
17,33,25,2827.0
17,34,24,2803.0
17,35,23,3000.0
17,36,22,2966.0
17,37,21,3138.0
17,38,20,2942.0
17,39,19,3235.0
17,40,18,3083.0
17,41,17,3148.0
17,42,16,3167.0
17,43,15,3188.0
17,44,14,3262.0
17,45,13,3207.0
17,46,12,3266.0
17,47,11,3286.0
17,48,10,3469.0
17,49,9,3323.0
17,50,8,3360.0
17,51,7,3533.0
17,52,6,3505.0
17,53,5,3688.0
17,54,4,3688.0
17,55,3,3571.0
17,56,2,3601.0
17,57,1,3716.0
18,1,56,2323.0
18,2,55,2383.0
18,3,54,2452.0
18,4,53,2382.0
18,5,52,2406.0
18,6,51,2434.0
18,7,50,2312.0
18,8,49,2396.0
18,9,48,2329.0
18,10,47,2378.0
18,11,46,2491.0
18,12,45,2280.0
18,13,44,2299.0
18,14,43,2380.0
18,15,42,2348.0
18,16,41,2371.0
18,17,40,2381.0
18,18,39,2450.0
18,19,38,2486.0
18,20,37,2521.0
18,21,36,2501.0
18,22,35,2560.0
18,23,34,2500.0
18,24,33,2474.0
18,25,32,2692.0
18,26,31,2621.0
18,27,30,2782.0
18,28,29,2542.0
18,29,28,2860.0
18,30,27,2823.0
18,31,26,2855.0
18,32,25,2887.0
18,33,24,2720.0
18,34,23,3022.0
18,35,22,2911.0
18,36,21,2955.0
18,37,20,2979.0
18,38,19,3034.0
18,39,18,3038.0
18,40,17,2998.0
18,41,16,3259.0
18,42,15,3179.0
18,43,14,3126.0
18,44,13,3214.0
18,45,12,3189.0
18,46,11,3293.0
18,47,10,3383.0
18,48,9,3261.0
18,49,8,3462.0
18,50,7,3382.0
18,51,6,3502.0
18,52,5,3524.0
18,53,4,3523.0
18,54,3,3537.0
18,55,2,3594.0
18,56,1,3719.0
19,1,55,2369.0
19,2,54,2282.0
19,3,53,2249.0
19,4,52,2254.0
19,5,51,2315.0
19,6,50,2287.0
19,7,49,2493.0
19,8,48,2522.0
19,9,47,2400.0
19,10,46,2283.0
19,11,45,2267.0
19,12,44,2313.0
19,13,43,2510.0
19,14,42,2403.0
19,15,41,2520.0
19,16,40,2479.0
19,17,39,2238.0
19,18,38,2329.0
19,19,37,2473.0
19,20,36,2403.0
19,21,35,2515.0
19,22,34,2470.0
19,23,33,2646.0
19,24,32,2601.0
19,25,31,2403.0
19,26,30,2620.0
19,27,29,2600.0
19,28,28,2640.0
19,29,27,2676.0
19,30,26,2735.0
19,31,25,2766.0
19,32,24,2803.0
19,33,23,2807.0
19,34,22,2869.0
19,35,21,2855.0
19,36,20,2921.0
19,37,19,3098.0
19,38,18,3104.0
19,39,17,3066.0
19,40,16,3144.0
19,41,15,3009.0
19,42,14,3090.0
19,43,13,3255.0
19,44,12,3326.0
19,45,11,3249.0
19,46,10,3381.0
19,47,9,3298.0
19,48,8,3400.0
19,49,7,3409.0
19,50,6,3397.0
19,51,5,3461.0
19,52,4,3485.0
19,53,3,3514.0
19,54,2,3603.0
19,55,1,3645.0
20,1,54,2333.0
20,2,53,2397.0
20,3,52,2272.0
20,4,51,2235.0
20,5,50,2326.0
20,6,49,2356.0
20,7,48,2388.0
20,8,47,2327.0
20,9,46,2296.0
20,10,45,2493.0
20,11,44,2346.0
20,12,43,2265.0
20,13,42,2198.0
20,14,41,2342.0
20,15,40,2354.0
20,16,39,2399.0
20,17,38,2516.0
20,18,37,2347.0
20,19,36,2468.0
20,20,35,2498.0
20,21,34,2506.0
20,22,33,2551.0
20,23,32,2530.0
20,24,31,2672.0
20,25,30,2534.0
20,26,29,2683.0
20,27,28,2642.0
20,28,27,2626.0
20,29,26,2715.0
20,30,25,2657.0
20,31,24,2556.0
20,32,23,2923.0
20,33,22,2867.0
20,34,21,2840.0
20,35,20,3018.0
20,36,19,3007.0
20,37,18,2857.0
20,38,17,3072.0
20,39,16,3078.0
20,40,15,3116.0
20,41,14,3036.0
20,42,13,3116.0
20,43,12,3205.0
20,44,11,3186.0
20,45,10,3171.0
20,46,9,3227.0
20,47,8,3385.0
20,48,7,3327.0
20,49,6,3395.0
20,50,5,3507.0
20,51,4,3480.0
20,52,3,3492.0
20,53,2,3743.0
20,54,1,3558.0
21,1,53,2421.0
21,2,52,2372.0
21,3,51,2223.0
21,4,50,2284.0
21,5,49,2372.0
21,6,48,2304.0
21,7,47,2337.0
21,8,46,2311.0
21,9,45,2336.0
21,10,44,2328.0
21,11,43,2266.0
1,1,73,2564.0
1,2,72,2611.0
1,3,71,2754.0
1,4,70,2578.0
1,5,69,2573.0
1,6,68,2426.0
1,7,67,2590.0
1,8,66,2576.0
1,9,65,2620.0
1,10,64,2565.0
1,11,63,2478.0
1,12,62,2421.0
1,13,61,2501.0
1,14,60,2483.0
1,15,59,2484.0
1,16,58,2668.0
1,17,57,2686.0
1,18,56,2615.0
1,19,55,2616.0
1,20,54,2517.0
1,21,53,2781.0
1,22,52,2701.0
1,23,51,2622.0
1,24,50,2597.0
1,25,49,2857.0
1,26,48,2756.0
1,27,47,2729.0
1,28,46,2770.0
1,29,45,2850.0
1,30,44,2806.0
1,31,43,2953.0
1,32,42,2919.0
1,33,41,2893.0
1,34,40,2898.0
1,35,39,2951.0
1,36,38,3051.0
1,37,37,3068.0
1,38,36,3181.0
1,39,35,3134.0
1,40,34,3151.0
1,41,33,3172.0
1,42,32,3280.0
1,43,31,3221.0
1,44,30,3243.0
1,45,29,3267.0
1,46,28,3413.0
1,47,27,3289.0
1,48,26,3497.0
1,49,25,3494.0
1,50,24,3588.0
1,51,23,3485.0
1,52,22,3557.0
1,53,21,3656.0
1,54,20,3698.0
1,55,19,3690.0
1,56,18,3797.0
1,57,17,3871.0
1,58,16,3779.0
1,59,15,3864.0
1,60,14,3826.0
1,61,13,3802.0
1,62,12,3803.0
1,63,11,4013.0
1,64,10,4075.0
1,65,9,4241.0
1,66,8,4177.0
1,67,7,4095.0
1,68,6,4216.0
1,69,5,4189.0
1,70,4,4259.0
1,71,3,4210.0
1,72,2,4280.0
1,73,1,4205.0
2,1,72,2566.0
2,2,71,2568.0
2,3,70,2535.0
2,4,69,2597.0
2,5,68,2560.0
2,6,67,2568.0
2,7,66,2613.0
2,8,65,2386.0
2,9,64,2507.0
2,10,63,2549.0
2,11,62,2521.0
2,12,61,2615.0
2,13,60,2549.0
2,14,59,2596.0
2,15,58,2598.0
2,16,57,2408.0
2,17,56,2403.0
2,18,55,2687.0
2,19,54,2549.0
2,20,53,2629.0
2,21,52,2505.0
2,22,51,2763.0
2,23,50,2570.0
2,24,49,2714.0
2,25,48,2678.0
2,26,47,2717.0
2,27,46,2672.0
2,28,45,2898.0
2,29,44,2763.0
2,30,43,2843.0
2,31,42,2944.0
2,32,41,2781.0
2,33,40,2921.0
2,34,39,3050.0
2,35,38,3025.0
2,36,37,3043.0
2,37,36,3119.0
2,38,35,3075.0
2,39,34,3060.0
2,40,33,3137.0
2,41,32,3187.0
2,42,31,3115.0
2,43,30,3265.0
2,44,29,3374.0
2,45,28,3414.0
2,46,27,3397.0
2,47,26,3526.0
2,48,25,3571.0
2,49,24,3486.0
2,50,23,3522.0
2,51,22,3560.0
2,52,21,3541.0
2,53,20,3576.0
2,54,19,3657.0
2,55,18,3668.0
2,56,17,3729.0
2,57,16,3777.0
2,58,15,3836.0
2,59,14,3847.0
2,60,13,3866.0
2,61,12,3895.0
2,62,11,3924.0
2,63,10,4016.0
2,64,9,4084.0
2,65,8,4113.0
2,66,7,4065.0
2,67,6,4103.0
2,68,5,4137.0
2,69,4,4291.0
2,70,3,4249.0
2,71,2,4218.0
2,72,1,4337.0
3,1,71,2647.0
3,2,70,2506.0
3,3,69,2556.0
3,4,68,2515.0
3,5,67,2519.0
3,6,66,2383.0
3,7,65,2470.0
3,8,64,2409.0
3,9,63,2448.0
3,10,62,2477.0
3,11,61,2326.0
3,12,60,2485.0
3,13,59,2598.0
3,14,58,2511.0
3,15,57,2519.0
3,16,56,2392.0
3,17,55,2604.0
3,18,54,2517.0
3,19,53,2518.0
3,20,52,2536.0
3,21,51,2658.0
3,22,50,2695.0
3,23,49,2545.0
3,24,48,2711.0
3,25,47,2728.0
3,26,46,2583.0
3,27,45,2733.0
3,28,44,2701.0
3,29,43,2780.0
3,30,42,2755.0
3,31,41,2886.0
3,32,40,2923.0
3,33,39,2792.0
3,34,38,2868.0
3,35,37,3055.0
3,36,36,3016.0
3,37,35,3221.0
3,38,34,3018.0
3,39,33,3168.0
3,40,32,3003.0
3,41,31,3180.0
3,42,30,3324.0
3,43,29,3405.0
3,44,28,3217.0
3,45,27,3260.0
3,46,26,3309.0
3,47,25,3338.0
3,48,24,3387.0
3,49,23,3418.0
3,50,22,3444.0
3,51,21,3419.0
3,52,20,3539.0
3,53,19,3696.0
3,54,18,3683.0
3,55,17,3761.0
3,56,16,3624.0
3,57,15,3806.0
3,58,14,3749.0
3,59,13,3730.0
3,60,12,3914.0
3,61,11,3758.0
3,62,10,4125.0
3,63,9,3960.0
3,64,8,4040.0
3,65,7,4089.0
3,66,6,4059.0
3,67,5,4186.0
3,68,4,4257.0
3,69,3,4147.0
3,70,2,4180.0
3,71,1,4114.0
4,1,70,2719.0
4,2,69,2538.0
4,3,68,2482.0
4,4,67,2555.0
4,5,66,2570.0
4,6,65,2512.0
4,7,64,2568.0
4,8,63,2439.0
4,9,62,2477.0
4,10,61,2446.0
4,11,60,2386.0
4,12,59,2412.0
4,13,58,2387.0
4,14,57,2408.0
4,15,56,2461.0
4,16,55,2411.0
4,17,54,2447.0
4,18,53,2523.0
4,19,52,2444.0
4,20,51,2606.0
4,21,50,2658.0
4,22,49,2587.0
4,23,48,2623.0
4,24,47,2601.0
4,25,46,2742.0
4,26,45,2840.0
4,27,44,2786.0
4,28,43,2767.0
4,29,42,2764.0
4,30,41,2900.0
4,31,40,2831.0
4,32,39,2960.0
4,33,38,2903.0
4,34,37,2875.0
4,35,36,2896.0
4,36,35,2941.0
4,37,34,3027.0
4,38,33,3125.0
4,39,32,3123.0
4,40,31,3139.0
4,41,30,3168.0
4,42,29,3190.0
4,43,28,3282.0
4,44,27,3302.0
4,45,26,3237.0
4,46,25,3275.0
4,47,24,3388.0
4,48,23,3429.0
4,49,22,3392.0
4,50,21,3491.0
4,51,20,3542.0
4,52,19,3527.0
4,53,18,3612.0
4,54,17,3566.0
4,55,16,3637.0
4,56,15,3645.0
4,57,14,3834.0
4,58,13,3719.0
4,59,12,3793.0
4,60,11,3778.0
4,61,10,3990.0
4,62,9,3916.0
4,63,8,3864.0
4,64,7,3835.0
4,65,6,3891.0
4,66,5,4043.0
4,67,4,4135.0
4,68,3,4104.0
4,69,2,4075.0
4,70,1,4296.0
5,1,69,2515.0
5,2,68,2554.0
5,3,67,2460.0
5,4,66,2549.0
5,5,65,2441.0
5,6,64,2570.0
5,7,63,2390.0
5,8,62,2510.0
5,9,61,2522.0
5,10,60,2323.0
5,11,59,2450.0
5,12,58,2463.0
5,13,57,2445.0
5,14,56,2448.0
5,15,55,2526.0
5,16,54,2412.0
5,17,53,2592.0
5,18,52,2617.0
5,19,51,2576.0
5,20,50,2446.0
5,21,49,2741.0
5,22,48,2636.0
5,23,47,2729.0
5,24,46,2646.0
5,25,45,2694.0
5,26,44,2685.0
5,27,43,2598.0
5,28,42,2859.0
5,29,41,2756.0
5,30,40,2793.0
5,31,39,2826.0
5,32,38,2924.0
5,33,37,2862.0
5,34,36,2946.0
5,35,35,2981.0
5,36,34,3134.0
5,37,33,2925.0
5,38,32,3112.0
5,39,31,2983.0
5,40,30,3119.0
5,41,29,3142.0
5,42,28,3181.0
5,43,27,3207.0
5,44,26,3314.0
5,45,25,3260.0
5,46,24,3348.0
5,47,23,3291.0
5,48,22,3296.0
5,49,21,3389.0
5,50,20,3568.0
5,51,19,3504.0
5,52,18,3617.0
5,53,17,3638.0
5,54,16,3701.0
5,55,15,3646.0
5,56,14,3729.0
5,57,13,3688.0
5,58,12,3769.0
5,59,11,3961.0
5,60,10,3843.0
5,61,9,3750.0
5,62,8,3962.0
5,63,7,3963.0
5,64,6,3994.0
5,65,5,3989.0
5,66,4,4025.0
5,67,3,4052.0
5,68,2,4050.0
5,69,1,4208.0
6,1,68,2593.0
6,2,67,2455.0
6,3,66,2545.0
6,4,65,2488.0
6,5,64,2703.0
6,6,63,2425.0
6,7,62,2556.0
6,8,61,2466.0
6,9,60,2412.0
6,10,59,2426.0
6,11,58,2502.0
6,12,57,2362.0
6,13,56,2460.0
6,14,55,2461.0
6,15,54,2555.0
6,16,53,2472.0
6,17,52,2548.0
6,18,51,2508.0
6,19,50,2578.0
6,20,49,2509.0
6,21,48,2579.0
6,22,47,2668.0
6,23,46,2619.0
6,24,45,2715.0
6,25,44,2583.0
6,26,43,2804.0
6,27,42,2665.0
6,28,41,2899.0
6,29,40,2851.0
6,30,39,2646.0
6,31,38,2961.0
6,32,37,2882.0
6,33,36,2976.0
6,34,35,2944.0
6,35,34,3072.0
6,36,33,2864.0
6,37,32,3151.0
6,38,31,3046.0
6,39,30,3092.0
6,40,29,3066.0
6,41,28,3169.0
6,42,27,3216.0
6,43,26,3183.0
6,44,25,3336.0
6,45,24,3217.0
6,46,23,3370.0
6,47,22,3398.0
6,48,21,3349.0
6,49,20,3368.0
6,50,19,3451.0
6,51,18,3440.0
6,52,17,3516.0
6,53,16,3517.0
6,54,15,3641.0
6,55,14,3605.0
6,56,13,3769.0
6,57,12,3700.0
6,58,11,3746.0
6,59,10,3666.0
6,60,9,3820.0
6,61,8,3856.0
6,62,7,3876.0
6,63,6,3963.0
6,64,5,4070.0
6,65,4,4051.0
6,66,3,3994.0
6,67,2,4044.0
6,68,1,4052.0
7,1,67,2390.0
7,2,66,2527.0
7,3,65,2364.0
7,4,64,2431.0
7,5,63,2452.0
7,6,62,2494.0
7,7,61,2452.0
7,8,60,2469.0
7,9,59,2413.0
7,10,58,2424.0
7,11,57,2510.0
7,12,56,2245.0
7,13,55,2419.0
7,14,54,2386.0
7,15,53,2598.0
7,16,52,2422.0
7,17,51,2503.0
7,18,50,2569.0
7,19,49,2453.0
7,20,48,2591.0
7,21,47,2492.0
7,22,46,2558.0
7,23,45,2653.0
7,24,44,2709.0
7,25,43,2613.0
7,26,42,2573.0
7,27,41,2709.0
7,28,40,2809.0
7,29,39,2811.0
7,30,38,2809.0
7,31,37,2736.0
7,32,36,2903.0
7,33,35,2907.0
7,34,34,3016.0
7,35,33,2924.0
7,36,32,2967.0
7,37,31,3053.0
7,38,30,3054.0
7,39,29,3057.0
7,40,28,3193.0
7,41,27,3138.0
7,42,26,3085.0
7,43,25,3369.0
7,44,24,3284.0
7,45,23,3218.0
7,46,22,3424.0
7,47,21,3470.0
7,48,20,3429.0
7,49,19,3442.0
7,50,18,3382.0
7,51,17,3505.0
7,52,16,3565.0
7,53,15,3547.0
7,54,14,3624.0
7,55,13,3630.0
7,56,12,3797.0
7,57,11,3793.0
7,58,10,3779.0
7,59,9,3832.0
7,60,8,3889.0
7,61,7,3676.0
7,62,6,3850.0
7,63,5,3911.0
7,64,4,3967.0
7,65,3,4067.0
7,66,2,4068.0
7,67,1,4036.0
8,1,66,2476.0
8,2,65,2387.0
8,3,64,2484.0
8,4,63,2503.0
8,5,62,2445.0
8,6,61,2231.0
8,7,60,2409.0
8,8,59,2479.0
8,9,58,2420.0
8,10,57,2430.0
8,11,56,2444.0
8,12,55,2350.0
8,13,54,2411.0
8,14,53,2390.0
8,15,52,2469.0
8,16,51,2423.0
8,17,50,2347.0
8,18,49,2565.0
8,19,48,2415.0
8,20,47,2428.0
8,21,46,2545.0
8,22,45,2397.0
8,23,44,2626.0
8,24,43,2691.0
8,25,42,2743.0
8,26,41,2733.0
8,27,40,2633.0
8,28,39,2741.0
8,29,38,2672.0
8,30,37,2634.0
8,31,36,2780.0
8,32,35,2859.0
8,33,34,2830.0
8,34,33,2890.0
8,35,32,2799.0
8,36,31,2990.0
8,37,30,2971.0
8,38,29,3028.0
8,39,28,3131.0
8,40,27,3248.0
8,41,26,3201.0
8,42,25,3204.0
8,43,24,3247.0
8,44,23,3230.0
8,45,22,3281.0
8,46,21,3332.0
8,47,20,3422.0
8,48,19,3439.0
8,49,18,3441.0
8,50,17,3532.0
8,51,16,3609.0
8,52,15,3630.0
8,53,14,3626.0
8,54,13,3578.0
8,55,12,3697.0
8,56,11,3721.0
8,57,10,3778.0
8,58,9,3663.0
8,59,8,3927.0
8,60,7,3869.0
8,61,6,3829.0
8,62,5,3907.0
8,63,4,3915.0
8,64,3,3950.0
8,65,2,3980.0
8,66,1,3962.0
9,1,65,2506.0
9,2,64,2493.0
9,3,63,2395.0
9,4,62,2334.0
9,5,61,2437.0
9,6,60,2371.0
9,7,59,2477.0
9,8,58,2633.0
9,9,57,2330.0
9,10,56,2386.0
9,11,55,2411.0
9,12,54,2294.0
9,13,53,2339.0
9,14,52,2583.0
9,15,51,2389.0
9,16,50,2408.0
9,17,49,2458.0
9,18,48,2481.0
9,19,47,2455.0
9,20,46,2456.0
9,21,45,2493.0
9,22,44,2600.0
9,23,43,2768.0
9,24,42,2533.0
9,25,41,2664.0
9,26,40,2641.0
9,27,39,2538.0
9,28,38,2823.0
9,29,37,2728.0
9,30,36,2851.0
9,31,35,2827.0
9,32,34,2799.0
9,33,33,2730.0
9,34,32,2818.0
9,35,31,2992.0
9,36,30,2990.0
9,37,29,3103.0
9,38,28,3048.0
9,39,27,3120.0
9,40,26,3055.0
9,41,25,2969.0
9,42,24,3272.0
9,43,23,3266.0
9,44,22,3291.0
9,45,21,3272.0
9,46,20,3327.0
9,47,19,3456.0
9,48,18,3396.0
9,49,17,3514.0
9,50,16,3542.0
9,51,15,3477.0
9,52,14,3587.0
9,53,13,3572.0
9,54,12,3697.0
9,55,11,3563.0
9,56,10,3649.0
9,57,9,3601.0
9,58,8,3793.0
9,59,7,3904.0
9,60,6,3878.0
9,61,5,3786.0
9,62,4,3895.0
9,63,3,3851.0
9,64,2,3940.0
9,65,1,4098.0
10,1,64,2507.0
10,2,63,2526.0
10,3,62,2542.0
10,4,61,2441.0
10,5,60,2497.0
10,6,59,2487.0
10,7,58,2497.0
10,8,57,2380.0
10,9,56,2509.0
10,10,55,2468.0
10,11,54,2424.0
10,12,53,2305.0
10,13,52,2306.0
10,14,51,2514.0
10,15,50,2547.0
10,16,49,2423.0
10,17,48,2420.0
10,18,47,2384.0
10,19,46,2434.0
10,20,45,2590.0
10,21,44,2499.0
10,22,43,2521.0
10,23,42,2624.0
10,24,41,2624.0
10,25,40,2685.0
10,26,39,2650.0
10,27,38,2637.0
10,28,37,2685.0
10,29,36,2837.0
10,30,35,2760.0
10,31,34,2825.0
10,32,33,2759.0
10,33,32,2881.0
10,34,31,2859.0
10,35,30,2924.0
10,36,29,3002.0
10,37,28,2935.0
10,38,27,2990.0
10,39,26,3098.0
10,40,25,3168.0
10,41,24,3185.0
10,42,23,3011.0
10,43,22,3217.0
10,44,21,3184.0
10,45,20,3392.0
10,46,19,3379.0
10,47,18,3340.0
10,48,17,3377.0
10,49,16,3375.0
10,50,15,3468.0
10,51,14,3567.0
10,52,13,3666.0
10,53,12,3557.0
10,54,11,3549.0
10,55,10,3651.0
10,56,9,3706.0
10,57,8,3726.0
10,58,7,3792.0
10,59,6,3899.0
10,60,5,3805.0
10,61,4,3962.0
10,62,3,3870.0
10,63,2,4042.0
10,64,1,3974.0
11,1,63,2387.0
11,2,62,2447.0
11,3,61,2396.0
11,4,60,2304.0
11,5,59,2458.0
11,6,58,2389.0
11,7,57,2298.0
11,8,56,2505.0
11,9,55,2367.0
11,10,54,2478.0
11,11,53,2523.0
11,12,52,2342.0
11,13,51,2441.0
11,14,50,2557.0
11,15,49,2281.0
11,16,48,2557.0
11,17,47,2404.0
11,18,46,2328.0
11,19,45,2667.0
11,20,44,2541.0
11,21,43,2535.0
11,22,42,2529.0
11,23,41,2614.0
11,24,40,2598.0
11,25,39,2526.0
11,26,38,2707.0
11,27,37,2698.0
11,28,36,2634.0
11,29,35,2748.0
11,30,34,2827.0
11,31,33,2689.0
11,32,32,2827.0
11,33,31,2920.0
11,34,30,2794.0
11,35,29,2969.0
11,36,28,3042.0
11,37,27,3064.0
11,38,26,3135.0
11,39,25,2955.0
11,40,24,3053.0
11,41,23,3192.0
11,42,22,3141.0
11,43,21,3149.0
11,44,20,3230.0
11,45,19,3199.0
11,46,18,3263.0
11,47,17,3352.0
11,48,16,3420.0
11,49,15,3382.0
11,50,14,3402.0
11,51,13,3502.0
11,52,12,3520.0
11,53,11,3436.0
11,54,10,3711.0
11,55,9,3619.0
11,56,8,3765.0
11,57,7,3705.0
11,58,6,3717.0
11,59,5,3840.0
11,60,4,3803.0
11,61,3,3770.0
11,62,2,3761.0
11,63,1,3861.0
12,1,62,2429.0
12,2,61,2404.0
12,3,60,2424.0
12,4,59,2336.0
12,5,58,2410.0
12,6,57,2284.0
12,7,56,2462.0
12,8,55,2293.0
12,9,54,2311.0
12,10,53,2336.0
12,11,52,2351.0
12,12,51,2400.0
12,13,50,2410.0
12,14,49,2356.0
12,15,48,2385.0
12,16,47,2539.0
12,17,46,2309.0
12,18,45,2386.0
12,19,44,2416.0
12,20,43,2639.0
12,21,42,2459.0
12,22,41,2655.0
12,23,40,2708.0
12,24,39,2637.0
12,25,38,2562.0
12,26,37,2770.0
12,27,36,2766.0
12,28,35,2753.0
12,29,34,2751.0
12,30,33,2762.0
12,31,32,2794.0
12,32,31,2871.0
12,33,30,2906.0
12,34,29,2851.0
12,35,28,2892.0
12,36,27,2962.0
12,37,26,3126.0
12,38,25,2983.0
12,39,24,2943.0
12,40,23,3167.0
12,41,22,3061.0
12,42,21,3108.0
12,43,20,3111.0
12,44,19,3398.0
12,45,18,3260.0
12,46,17,3302.0
12,47,16,3341.0
12,48,15,3232.0
12,49,14,3437.0
12,50,13,3628.0
12,51,12,3482.0
12,52,11,3557.0
12,53,10,3634.0
12,54,9,3599.0
12,55,8,3597.0
12,56,7,3748.0
12,57,6,3771.0
12,58,5,3875.0
12,59,4,3705.0
12,60,3,3841.0
12,61,2,3918.0
12,62,1,3877.0
13,1,61,2362.0
13,2,60,2330.0
13,3,59,2518.0
13,4,58,2392.0
13,5,57,2392.0
13,6,56,2409.0
13,7,55,2356.0
13,8,54,2330.0
13,9,53,2327.0
13,10,52,2462.0
13,11,51,2471.0
13,12,50,2459.0
13,13,49,2363.0
13,14,48,2417.0
13,15,47,2313.0
13,16,46,2486.0
13,17,45,2370.0
13,18,44,2517.0
13,19,43,2510.0
13,20,42,2478.0
13,21,41,2554.0
13,22,40,2433.0
13,23,39,2506.0
13,24,38,2567.0
13,25,37,2641.0
13,26,36,2512.0
13,27,35,2624.0
13,28,34,2598.0
13,29,33,2663.0
13,30,32,2817.0
13,31,31,2777.0
13,32,30,2801.0
13,33,29,2964.0
13,34,28,2964.0
13,35,27,3135.0
13,36,26,2970.0
13,37,25,3056.0
13,38,24,2951.0
13,39,23,3087.0
13,40,22,3041.0
13,41,21,3165.0
13,42,20,3229.0
13,43,19,3348.0
13,44,18,3286.0
13,45,17,3219.0
13,46,16,3073.0
13,47,15,3244.0
13,48,14,3407.0
13,49,13,3513.0
13,50,12,3503.0
13,51,11,3527.0
13,52,10,3482.0
13,53,9,3530.0
13,54,8,3516.0
13,55,7,3657.0
13,56,6,3588.0
13,57,5,3748.0
13,58,4,3789.0
13,59,3,3761.0
13,60,2,3823.0
13,61,1,3875.0
14,1,60,2449.0
14,2,59,2368.0
14,3,58,2476.0
14,4,57,2355.0
14,5,56,2347.0
14,6,55,2320.0
14,7,54,2410.0
14,8,53,2474.0
14,9,52,2368.0
14,10,51,2303.0
14,11,50,2356.0
14,12,49,2373.0
14,13,48,2224.0
14,14,47,2359.0
14,15,46,2430.0
14,16,45,2486.0
14,17,44,2433.0
14,18,43,2406.0
14,19,42,2444.0
14,20,41,2407.0
14,21,40,2722.0
14,22,39,2580.0
14,23,38,2554.0
14,24,37,2635.0
14,25,36,2541.0
14,26,35,2595.0
14,27,34,2618.0
14,28,33,2646.0
14,29,32,2690.0
14,30,31,2852.0
14,31,30,2845.0
14,32,29,2837.0
14,33,28,2863.0
14,34,27,2904.0
14,35,26,2944.0
14,36,25,2999.0
14,37,24,3000.0
14,38,23,3069.0
14,39,22,2961.0
14,40,21,3109.0
14,41,20,3174.0
14,42,19,3214.0
14,43,18,3237.0
14,44,17,3209.0
14,45,16,3271.0
14,46,15,3378.0
14,47,14,3321.0
14,48,13,3298.0
14,49,12,3387.0
14,50,11,3383.0
14,51,10,3485.0
14,52,9,3476.0
14,53,8,3512.0
14,54,7,3662.0
14,55,6,3635.0
14,56,5,3680.0
14,57,4,3738.0
14,58,3,3675.0
14,59,2,3803.0
14,60,1,3754.0
15,1,59,2254.0
15,2,58,2381.0
15,3,57,2489.0
15,4,56,2373.0
15,5,55,2359.0
15,6,54,2494.0
15,7,53,2320.0
15,8,52,2272.0
15,9,51,2495.0
15,10,50,2375.0
15,11,49,2451.0
15,12,48,2447.0
15,13,47,2390.0
15,14,46,2302.0
15,15,45,2372.0
15,16,44,2540.0
15,17,43,2430.0
15,18,42,2432.0
15,19,41,2456.0
15,20,40,2504.0
15,21,39,2457.0
15,22,38,2544.0
15,23,37,2557.0
15,24,36,2646.0
15,25,35,2532.0
15,26,34,2726.0
15,27,33,2532.0
15,28,32,2762.0
15,29,31,2741.0
15,30,30,2815.0
15,31,29,2727.0
15,32,28,2696.0
15,33,27,2854.0
15,34,26,2847.0
15,35,25,2855.0
15,36,24,2933.0
15,37,23,3050.0
15,38,22,2984.0
15,39,21,3086.0
15,40,20,3167.0
15,41,19,3133.0
15,42,18,3251.0
15,43,17,3238.0
15,44,16,3377.0
15,45,15,3193.0
15,46,14,3232.0
15,47,13,3261.0
15,48,12,3285.0
15,49,11,3354.0
15,50,10,3435.0
15,51,9,3516.0
15,52,8,3526.0
15,53,7,3705.0
15,54,6,3574.0
15,55,5,3573.0
15,56,4,3694.0
15,57,3,3670.0
15,58,2,3670.0
15,59,1,3780.0
16,1,58,2304.0
16,2,57,2359.0
16,3,56,2359.0
16,4,55,2307.0
16,5,54,2462.0
16,6,53,2340.0
16,7,52,2314.0
16,8,51,2486.0
16,9,50,2492.0
16,10,49,2421.0
16,11,48,2222.0
16,12,47,2468.0
16,13,46,2388.0
16,14,45,2346.0
16,15,44,2460.0
16,16,43,2383.0
16,17,42,2379.0
16,18,41,2539.0
16,19,40,2538.0
16,20,39,2482.0
16,21,38,2525.0
16,22,37,2443.0
16,23,36,2642.0
16,24,35,2474.0
16,25,34,2660.0
16,26,33,2662.0
16,27,32,2625.0
16,28,31,2711.0
16,29,30,2712.0
16,30,29,2740.0
16,31,28,2770.0
16,32,27,2799.0
16,33,26,2844.0
16,34,25,2992.0
16,35,24,2849.0
16,36,23,2951.0
16,37,22,3041.0
16,38,21,3053.0
16,39,20,3058.0
16,40,19,3148.0
16,41,18,2956.0
16,42,17,3189.0
16,43,16,3137.0
16,44,15,3219.0
16,45,14,3148.0
16,46,13,3385.0
16,47,12,3381.0
16,48,11,3362.0
16,49,10,3394.0
16,50,9,3417.0
16,51,8,3460.0
16,52,7,3607.0
16,53,6,3639.0
16,54,5,3543.0
16,55,4,3628.0
16,56,3,3575.0
16,57,2,3714.0
16,58,1,3717.0
17,1,57,2345.0
17,2,56,2353.0
17,3,55,2408.0
17,4,54,2395.0
17,5,53,2304.0
17,6,52,2271.0
17,7,51,2173.0
17,8,50,2321.0
17,9,49,2268.0
17,10,48,2388.0
17,11,47,2303.0
17,12,46,2460.0
17,13,45,2279.0
17,14,44,2457.0
17,15,43,2466.0
17,16,42,2565.0
17,17,41,2382.0
17,18,40,2349.0
17,19,39,2488.0
17,20,38,2489.0
17,21,37,2505.0
17,22,36,2449.0
17,23,35,2526.0
17,24,34,2642.0
17,25,33,2571.0
17,26,32,2638.0
17,27,31,2644.0
17,28,30,2691.0
17,29,29,2802.0
17,30,28,2730.0
17,31,27,2623.0
17,32,26,2702.0
17,33,25,2857.0
17,34,24,2848.0
17,35,23,2888.0
17,36,22,2929.0
17,37,21,3048.0
17,38,20,2987.0
17,39,19,3067.0
17,40,18,3297.0
17,41,17,3191.0
17,42,16,3250.0
17,43,15,3053.0
17,44,14,3158.0
17,45,13,3275.0
17,46,12,3345.0
17,47,11,3277.0
17,48,10,3389.0
17,49,9,3284.0
17,50,8,3514.0
17,51,7,3524.0
17,52,6,3341.0
17,53,5,3543.0
17,54,4,3663.0
17,55,3,3544.0
17,56,2,3783.0
17,57,1,3689.0
18,1,56,2186.0
18,2,55,2314.0
18,3,54,2271.0
18,4,53,2445.0
18,5,52,2190.0
18,6,51,2399.0
18,7,50,2415.0
18,8,49,2294.0
18,9,48,2456.0
18,10,47,2402.0
18,11,46,2330.0
18,12,45,2348.0
18,13,44,2413.0
18,14,43,2399.0
18,15,42,2405.0
18,16,41,2434.0
18,17,40,2446.0
18,18,39,2349.0
18,19,38,2325.0
18,20,37,2460.0
18,21,36,2449.0
18,22,35,2576.0
18,23,34,2648.0
18,24,33,2554.0
18,25,32,2551.0
18,26,31,2592.0
18,27,30,2688.0
18,28,29,2557.0
18,29,28,2710.0
18,30,27,2697.0
18,31,26,2674.0
18,32,25,2806.0
18,33,24,2935.0
18,34,23,2939.0
18,35,22,2806.0
18,36,21,2972.0
18,37,20,2927.0
18,38,19,2910.0
18,39,18,3120.0
18,40,17,3172.0
18,41,16,3127.0
18,42,15,3292.0
18,43,14,3304.0
18,44,13,3181.0
18,45,12,3126.0
18,46,11,3419.0
18,47,10,3333.0
18,48,9,3486.0
18,49,8,3339.0
18,50,7,3450.0
18,51,6,3534.0
18,52,5,3622.0
18,53,4,3586.0
18,54,3,3664.0
18,55,2,3652.0
18,56,1,3537.0
19,1,55,2326.0
19,2,54,2281.0
19,3,53,2392.0
19,4,52,2244.0
19,5,51,2412.0
19,6,50,2375.0
19,7,49,2233.0
19,8,48,2323.0
19,9,47,2471.0
19,10,46,2426.0
19,11,45,2309.0
19,12,44,2347.0
19,13,43,2396.0
19,14,42,2384.0
19,15,41,2312.0
19,16,40,2403.0
19,17,39,2362.0
19,18,38,2395.0
19,19,37,2557.0
19,20,36,2435.0
19,21,35,2483.0
19,22,34,2529.0
19,23,33,2434.0
19,24,32,2686.0
19,25,31,2599.0
19,26,30,2488.0
19,27,29,2550.0
19,28,28,2522.0
19,29,27,2721.0
19,30,26,2727.0
19,31,25,2860.0
19,32,24,2886.0
19,33,23,2853.0
19,34,22,2809.0
19,35,21,2870.0
19,36,20,2947.0
19,37,19,3069.0
19,38,18,3016.0
19,39,17,2901.0
19,40,16,3051.0
19,41,15,3143.0
19,42,14,3197.0
19,43,13,3210.0
19,44,12,3291.0
19,45,11,3303.0
19,46,10,3226.0
19,47,9,3435.0
19,48,8,3390.0
19,49,7,3303.0
19,50,6,3453.0
19,51,5,3447.0
19,52,4,3633.0
19,53,3,3538.0
19,54,2,3526.0
19,55,1,3775.0
20,1,54,2291.0
20,2,53,2310.0
20,3,52,2365.0
20,4,51,2302.0
20,5,50,2393.0
20,6,49,2369.0
20,7,48,2279.0
20,8,47,2218.0
20,9,46,2239.0
20,10,45,2278.0
20,11,44,2239.0
20,12,43,2414.0
20,13,42,2391.0
20,14,41,2405.0
20,15,40,2299.0
20,16,39,2346.0
20,17,38,2436.0
20,18,37,2404.0
20,19,36,2414.0
20,20,35,2583.0
20,21,34,2365.0
20,22,33,2482.0
20,23,32,2551.0
20,24,31,2609.0
20,25,30,2691.0
20,26,29,2577.0
20,27,28,2503.0
20,28,27,2786.0
20,29,26,2789.0
20,30,25,2769.0
20,31,24,2773.0
20,32,23,2693.0
20,33,22,2778.0
20,34,21,2808.0
20,35,20,2965.0
20,36,19,2817.0
20,37,18,2984.0
20,38,17,2978.0
20,39,16,2987.0
20,40,15,3019.0
20,41,14,3232.0
20,42,13,3036.0
20,43,12,3168.0
20,44,11,3201.0
20,45,10,3152.0
20,46,9,3342.0
20,47,8,3282.0
20,48,7,3409.0
20,49,6,3290.0
20,50,5,3465.0
20,51,4,3463.0
20,52,3,3496.0
20,53,2,3609.0
20,54,1,3725.0
21,1,53,2287.0
21,2,52,2321.0
21,3,51,2359.0
21,4,50,2398.0
21,5,49,2454.0
21,6,48,2221.0
21,7,47,2569.0
21,8,46,2374.0
21,9,45,2296.0
21,10,44,2343.0
21,11,43,2370.0
21,12,42,2195.0
21,13,41,2364.0
21,14,40,2431.0
21,15,39,2405.0
21,16,38,2461.0
21,17,37,2483.0
21,18,36,2434.0
21,19,35,2465.0
21,20,34,2473.0
21,21,33,2503.0
21,22,32,2531.0
21,23,31,2658.0
21,24,30,2617.0
21,25,29,2728.0
21,26,28,2600.0
21,27,27,2820.0
21,28,26,2683.0
21,29,25,2697.0
21,30,24,2751.0
21,31,23,2800.0
21,32,22,2982.0
21,33,21,2853.0
21,34,20,2879.0
21,35,19,2933.0
21,36,18,2956.0
21,37,17,3032.0
21,38,16,3034.0
21,39,15,2909.0
21,40,14,3026.0
21,41,13,3175.0
21,42,12,3215.0
21,43,11,3172.0
21,44,10,3253.0
21,45,9,3205.0
21,46,8,3418.0
21,47,7,3319.0
21,48,6,3309.0
21,49,5,3324.0
21,50,4,3422.0
21,51,3,3536.0
21,52,2,3507.0
21,53,1,3517.0
22,1,52,2388.0
22,2,51,2414.0
22,3,50,2252.0
22,4,49,2373.0
22,5,48,2351.0
22,6,47,2185.0
22,7,46,2281.0
22,8,45,2491.0
22,9,44,2365.0
22,10,43,2408.0
22,11,42,2276.0
22,12,41,2488.0
22,13,40,2354.0
22,14,39,2311.0
22,15,38,2332.0
22,16,37,2316.0
22,17,36,2465.0
22,18,35,2345.0
22,19,34,2343.0
22,20,33,2496.0
22,21,32,2375.0
22,22,31,2485.0
22,23,30,2602.0
22,24,29,2527.0
22,25,28,2614.0
22,26,27,2613.0
22,27,26,2598.0
22,28,25,2720.0
22,29,24,2765.0
22,30,23,2722.0
22,31,22,2762.0
22,32,21,2986.0
22,33,20,2788.0
22,34,19,2916.0
22,35,18,2896.0
22,36,17,2925.0
22,37,16,2902.0
22,38,15,3018.0
22,39,14,2991.0
22,40,13,3090.0
22,41,12,3134.0
22,42,11,3186.0
22,43,10,3317.0
22,44,9,3180.0
22,45,8,3365.0
22,46,7,3344.0
22,47,6,3250.0
22,48,5,3364.0
22,49,4,3494.0
22,50,3,3426.0
22,51,2,3467.0
22,52,1,3489.0
23,1,51,2362.0
23,2,50,2241.0
23,3,49,2252.0
23,4,48,2285.0
23,5,47,2272.0
23,6,46,2363.0
23,7,45,2271.0
23,8,44,2399.0
23,9,43,2225.0
23,10,42,2265.0
23,11,41,2357.0
23,12,40,2300.0
23,13,39,2215.0
23,14,38,2453.0
23,15,37,2448.0
23,16,36,2283.0
23,17,35,2370.0
23,18,34,2411.0
23,19,33,2389.0
23,20,32,2552.0
23,21,31,2546.0
23,22,30,2341.0
23,23,29,2459.0
23,24,28,2596.0
23,25,27,2629.0
23,26,26,2556.0
23,27,25,2662.0
23,28,24,2739.0
23,29,23,2739.0
23,30,22,2741.0
23,31,21,2753.0
23,32,20,2767.0
23,33,19,2812.0
23,34,18,2829.0
23,35,17,2829.0
23,36,16,2982.0
23,37,15,2903.0
23,38,14,3015.0
23,39,13,3019.0
23,40,12,3119.0
23,41,11,3152.0
23,42,10,3077.0
23,43,9,3108.0
23,44,8,3118.0
23,45,7,3271.0
23,46,6,3269.0
23,47,5,3391.0
23,48,4,3310.0
23,49,3,3488.0
23,50,2,3435.0
23,51,1,3461.0
24,1,50,2205.0
24,2,49,2276.0
24,3,48,2245.0
24,4,47,2271.0
24,5,46,2275.0
24,6,45,2374.0
24,7,44,2397.0
24,8,43,2378.0
24,9,42,2261.0
24,10,41,2248.0
24,11,40,2326.0
24,12,39,2192.0
24,13,38,2322.0
24,14,37,2313.0
24,15,36,2321.0
24,16,35,2317.0
24,17,34,2379.0
24,18,33,2448.0
24,19,32,2524.0
24,20,31,2607.0
24,21,30,2537.0
24,22,29,2524.0
24,23,28,2512.0
24,24,27,2537.0
24,25,26,2583.0
24,26,25,2574.0
24,27,24,2717.0
24,28,23,2587.0
24,29,22,2692.0
24,30,21,2679.0
24,31,20,2768.0
24,32,19,2923.0
24,33,18,2831.0
24,34,17,2781.0
24,35,16,2927.0
24,36,15,2920.0
24,37,14,3003.0
24,38,13,2953.0
24,39,12,2942.0
24,40,11,3029.0
24,41,10,2951.0
24,42,9,3221.0
24,43,8,3114.0
24,44,7,3249.0
24,45,6,3246.0
24,46,5,3401.0
24,47,4,3248.0
24,48,3,3348.0
24,49,2,3516.0
24,50,1,3334.0
25,1,49,2373.0
25,2,48,2288.0
25,3,47,2360.0
25,4,46,2317.0
25,5,45,2278.0
25,6,44,2283.0
25,7,43,2427.0
25,8,42,2410.0
25,9,41,2322.0
25,10,40,2508.0
25,11,39,2380.0
25,12,38,2455.0
25,13,37,2213.0
25,14,36,2282.0
25,15,35,2562.0
25,16,34,2491.0
25,17,33,2405.0
25,18,32,2399.0
25,19,31,2396.0
25,20,30,2397.0
25,21,29,2402.0
25,22,28,2484.0
25,23,27,2552.0
25,24,26,2787.0
25,25,25,2664.0
25,26,24,2589.0
25,27,23,2731.0
25,28,22,2631.0
25,29,21,2758.0
25,30,20,2674.0
25,31,19,2664.0
25,32,18,2884.0
25,33,17,2793.0
25,34,16,2804.0
25,35,15,2813.0
25,36,14,3036.0
25,37,13,2988.0
25,38,12,3036.0
25,39,11,3045.0
25,40,10,3146.0
25,41,9,3062.0
25,42,8,3229.0
25,43,7,3235.0
25,44,6,3308.0
25,45,5,3414.0
25,46,4,3334.0
25,47,3,3168.0
25,48,2,3429.0
25,49,1,3280.0
26,1,48,2312.0
26,2,47,2310.0
26,3,46,2175.0
26,4,45,2343.0
26,5,44,2232.0
26,6,43,2347.0
26,7,42,2374.0
26,8,41,2438.0
26,9,40,2210.0
26,10,39,2128.0
26,11,38,2266.0
26,12,37,2305.0
26,13,36,2293.0
26,14,35,2430.0
26,15,34,2404.0
26,16,33,2380.0
26,17,32,2352.0
26,18,31,2377.0
26,19,30,2328.0
26,20,29,2472.0
26,21,28,2439.0
26,22,27,2588.0
26,23,26,2349.0
26,24,25,2527.0
26,25,24,2562.0
26,26,23,2646.0
26,27,22,2689.0
26,28,21,2746.0
26,29,20,2613.0
26,30,19,2722.0
26,31,18,2815.0
26,32,17,2823.0
26,33,16,2803.0
26,34,15,2951.0
26,35,14,3002.0
26,36,13,3053.0
26,37,12,3058.0
26,38,11,3060.0
26,39,10,3028.0
26,40,9,3087.0
26,41,8,3073.0
26,42,7,3075.0
26,43,6,3124.0
26,44,5,3195.0
26,45,4,3280.0
26,46,3,3428.0
26,47,2,3206.0
26,48,1,3487.0
27,1,47,2226.0
27,2,46,2271.0
27,3,45,2380.0
27,4,44,2200.0
27,5,43,2246.0
27,6,42,2220.0
27,7,41,2383.0
27,8,40,2403.0
27,9,39,2254.0
27,10,38,2286.0
27,11,37,2175.0
27,12,36,2465.0
27,13,35,2421.0
27,14,34,2435.0
27,15,33,2354.0
27,16,32,2348.0
27,17,31,2562.0
27,18,30,2261.0
27,19,29,2466.0
27,20,28,2528.0
27,21,27,2404.0
27,22,26,2424.0
27,23,25,2459.0
27,24,24,2684.0
27,25,23,2597.0
27,26,22,2608.0
27,27,21,2643.0
27,28,20,2718.0
27,29,19,2656.0
27,30,18,2706.0
27,31,17,2757.0
27,32,16,2804.0
27,33,15,2824.0
27,34,14,2819.0
27,35,13,2893.0
27,36,12,2974.0
27,37,11,2899.0
27,38,10,3001.0
27,39,9,3282.0
27,40,8,3046.0
27,41,7,2992.0
27,42,6,3321.0
27,43,5,3250.0
27,44,4,3413.0
27,45,3,3353.0
27,46,2,3358.0
27,47,1,3381.0
28,1,46,2322.0
28,2,45,2420.0
28,3,44,2148.0
28,4,43,2182.0
28,5,42,2312.0
28,6,41,2296.0
28,7,40,2348.0
28,8,39,2313.0
28,9,38,2330.0
28,10,37,2267.0
28,11,36,2403.0
28,12,35,2352.0
28,13,34,2389.0
28,14,33,2381.0
28,15,32,2467.0
28,16,31,2438.0
28,17,30,2526.0
28,18,29,2429.0
28,19,28,2368.0
28,20,27,2374.0
28,21,26,2478.0
28,22,25,2706.0
28,23,24,2637.0
28,24,23,2479.0
28,25,22,2566.0
28,26,21,2597.0
28,27,20,2642.0
28,28,19,2682.0
28,29,18,2625.0
28,30,17,2776.0
28,31,16,2765.0
28,32,15,2794.0
28,33,14,2963.0
28,34,13,2848.0
28,35,12,2848.0
28,36,11,2990.0
28,37,10,2841.0
28,38,9,2981.0
28,39,8,2977.0
28,40,7,3146.0
28,41,6,3051.0
28,42,5,3254.0
28,43,4,3128.0
28,44,3,3165.0
28,45,2,3184.0
28,46,1,3331.0
29,1,45,2256.0
29,2,44,2363.0
29,3,43,2383.0
29,4,42,2341.0
29,5,41,2463.0
29,6,40,2245.0
29,7,39,2216.0
29,8,38,2332.0
29,9,37,2277.0
29,10,36,2327.0
29,11,35,2234.0
29,12,34,2290.0
29,13,33,2369.0
29,14,32,2479.0
29,15,31,2457.0
29,16,30,2281.0
29,17,29,2353.0
29,18,28,2602.0
29,19,27,2404.0
29,20,26,2328.0
29,21,25,2368.0
29,22,24,2420.0
29,23,23,2419.0
29,24,22,2491.0
29,25,21,2653.0
29,26,20,2756.0
29,27,19,2688.0
29,28,18,2558.0
29,29,17,2808.0
29,30,16,2678.0
29,31,15,2753.0
29,32,14,2972.0
29,33,13,3017.0
29,34,12,3043.0
29,35,11,2965.0
29,36,10,2975.0
29,37,9,2946.0
29,38,8,2925.0
29,39,7,3045.0
29,40,6,3090.0
29,41,5,3094.0
29,42,4,3256.0
29,43,3,3212.0
29,44,2,3125.0
29,45,1,3326.0
30,1,44,2315.0
30,2,43,2314.0
30,3,42,2420.0
30,4,41,2392.0
30,5,40,2375.0
30,6,39,2309.0
30,7,38,2310.0
30,8,37,2196.0
30,9,36,2384.0
30,10,35,2314.0
30,11,34,2302.0
30,12,33,2444.0
30,13,32,2228.0
30,14,31,2372.0
30,15,30,2416.0
30,16,29,2507.0
30,17,28,2394.0
30,18,27,2341.0
30,19,26,2366.0
30,20,25,2521.0
30,21,24,2507.0
30,22,23,2475.0
30,23,22,2481.0
30,24,21,2518.0
30,25,20,2736.0
30,26,19,2568.0
30,27,18,2631.0
30,28,17,2731.0
30,29,16,2842.0
30,30,15,2640.0
30,31,14,2730.0
30,32,13,2919.0
30,33,12,2713.0
30,34,11,2932.0
30,35,10,2944.0
30,36,9,3090.0
30,37,8,2872.0
30,38,7,3052.0
30,39,6,3100.0
30,40,5,3194.0
30,41,4,3150.0
30,42,3,3180.0
30,43,2,3340.0
30,44,1,3287.0
31,1,43,2178.0
31,2,42,2201.0
31,3,41,2007.0
31,4,40,2422.0
31,5,39,2299.0
31,6,38,2230.0
31,7,37,2413.0
31,8,36,2339.0
31,9,35,2348.0
31,10,34,2380.0
31,11,33,2227.0
31,12,32,2322.0
31,13,31,2338.0
31,14,30,2329.0
31,15,29,2401.0
31,16,28,2224.0
31,17,27,2478.0
31,18,26,2589.0
31,19,25,2349.0
31,20,24,2482.0
31,21,23,2406.0
31,22,22,2686.0
31,23,21,2547.0
31,24,20,2599.0
31,25,19,2603.0
31,26,18,2585.0
31,27,17,2809.0
31,28,16,2669.0
31,29,15,2661.0
31,30,14,2689.0
31,31,13,2740.0
31,32,12,2863.0
31,33,11,2837.0
31,34,10,2858.0
31,35,9,2876.0
31,36,8,2921.0
31,37,7,2966.0
31,38,6,3013.0
31,39,5,3076.0
31,40,4,2989.0
31,41,3,3131.0
31,42,2,3030.0
31,43,1,3221.0
32,1,42,2107.0
32,2,41,2384.0
32,3,40,2278.0
32,4,39,2273.0
32,5,38,2217.0
32,6,37,2214.0
32,7,36,2334.0
32,8,35,2168.0
32,9,34,2267.0
32,10,33,2348.0
32,11,32,2325.0
32,12,31,2496.0
32,13,30,2473.0
32,14,29,2336.0
32,15,28,2234.0
32,16,27,2388.0
32,17,26,2405.0
32,18,25,2495.0
32,19,24,2360.0
32,20,23,2395.0
32,21,22,2559.0
32,22,21,2526.0
32,23,20,2525.0
32,24,19,2577.0
32,25,18,2532.0
32,26,17,2665.0
32,27,16,2695.0
32,28,15,2600.0
32,29,14,2747.0
32,30,13,2689.0
32,31,12,2745.0
32,32,11,2851.0
32,33,10,2889.0
32,34,9,2869.0
32,35,8,2925.0
32,36,7,3014.0
32,37,6,3187.0
32,38,5,2948.0
32,39,4,3012.0
32,40,3,3122.0
32,41,2,3103.0
32,42,1,3279.0
33,1,41,2277.0
33,2,40,2339.0
33,3,39,2205.0
33,4,38,2290.0
33,5,37,2404.0
33,6,36,2331.0
33,7,35,2227.0
33,8,34,2372.0
33,9,33,2394.0
33,10,32,2231.0
33,11,31,2342.0
33,12,30,2414.0
33,13,29,2368.0
33,14,28,2326.0
33,15,27,2414.0
33,16,26,2242.0
33,17,25,2403.0
33,18,24,2475.0
33,19,23,2411.0
33,20,22,2512.0
33,21,21,2496.0
33,22,20,2464.0
33,23,19,2360.0
33,24,18,2584.0
33,25,17,2582.0
33,26,16,2614.0
33,27,15,2593.0
33,28,14,2732.0
33,29,13,2742.0
33,30,12,2835.0
33,31,11,2889.0
33,32,10,2854.0
33,33,9,2772.0
33,34,8,2976.0
33,35,7,2989.0
33,36,6,2833.0
33,37,5,2976.0
33,38,4,3037.0
33,39,3,3031.0
33,40,2,3230.0
33,41,1,3147.0
34,1,40,2318.0
34,2,39,2262.0
34,3,38,2306.0
34,4,37,2369.0
34,5,36,2242.0
34,6,35,2229.0
34,7,34,2386.0
34,8,33,2382.0
34,9,32,2248.0
34,10,31,2370.0
34,11,30,2327.0
34,12,29,2424.0
34,13,28,2219.0
34,14,27,2473.0
34,15,26,2502.0
34,16,25,2392.0
34,17,24,2436.0
34,18,23,2516.0
34,19,22,2395.0
34,20,21,2511.0
34,21,20,2481.0
34,22,19,2515.0
34,23,18,2431.0
34,24,17,2511.0
34,25,16,2625.0
34,26,15,2604.0
34,27,14,2718.0
34,28,13,2605.0
34,29,12,2668.0
34,30,11,2839.0
34,31,10,2724.0
34,32,9,2891.0
34,33,8,2987.0
34,34,7,2990.0
34,35,6,2968.0
34,36,5,3189.0
34,37,4,3068.0
34,38,3,3075.0
34,39,2,3144.0
34,40,1,3238.0
35,1,39,2407.0
35,2,38,2317.0
35,3,37,2200.0
35,4,36,2363.0
35,5,35,2243.0
35,6,34,2280.0
35,7,33,2306.0
35,8,32,2398.0
35,9,31,2348.0
35,10,30,2321.0
35,11,29,2319.0
35,12,28,2356.0
35,13,27,2328.0
35,14,26,2345.0
35,15,25,2544.0
35,16,24,2327.0
35,17,23,2410.0
35,18,22,2428.0
35,19,21,2536.0
35,20,20,2402.0
35,21,19,2649.0
35,22,18,2473.0
35,23,17,2574.0
35,24,16,2546.0
35,25,15,2614.0
35,26,14,2587.0
35,27,13,2630.0
35,28,12,2724.0
35,29,11,2701.0
35,30,10,2833.0
35,31,9,2908.0
35,32,8,2820.0
35,33,7,2843.0
35,34,6,2768.0
35,35,5,2876.0
35,36,4,3073.0
35,37,3,2970.0
35,38,2,2913.0
35,39,1,2999.0
36,1,38,2565.0
36,2,37,2251.0
36,3,36,2125.0
36,4,35,2494.0
36,5,34,2338.0
36,6,33,2144.0
36,7,32,2211.0
36,8,31,2486.0
36,9,30,2408.0
36,10,29,2384.0
36,11,28,2366.0
36,12,27,2356.0
36,13,26,2404.0
36,14,25,2347.0
36,15,24,2382.0
36,16,23,2420.0
36,17,22,2387.0
36,18,21,2321.0
36,19,20,2461.0
36,20,19,2482.0
36,21,18,2611.0
36,22,17,2608.0
36,23,16,2564.0
36,24,15,2538.0
36,25,14,2546.0
36,26,13,2501.0
36,27,12,2652.0
36,28,11,2718.0
36,29,10,2674.0
36,30,9,2807.0
36,31,8,2759.0
36,32,7,2806.0
36,33,6,2891.0
36,34,5,2923.0
36,35,4,2931.0
36,36,3,2971.0
36,37,2,2951.0
36,38,1,3046.0
37,1,37,2378.0
37,2,36,2534.0
37,3,35,2133.0
37,4,34,2298.0
37,5,33,2192.0
37,6,32,2503.0
37,7,31,2301.0
37,8,30,2502.0
37,9,29,2485.0
37,10,28,2385.0
37,11,27,2477.0
37,12,26,2449.0
37,13,25,2448.0
37,14,24,2415.0
37,15,23,2405.0
37,16,22,2303.0
37,17,21,2417.0
37,18,20,2327.0
37,19,19,2515.0
37,20,18,2318.0
37,21,17,2620.0
37,22,16,2568.0
37,23,15,2570.0
37,24,14,2776.0
37,25,13,2708.0
37,26,12,2684.0
37,27,11,2649.0
37,28,10,2743.0
37,29,9,2727.0
37,30,8,2753.0
37,31,7,2787.0
37,32,6,2913.0
37,33,5,2935.0
37,34,4,2864.0
37,35,3,2844.0
37,36,2,2996.0
37,37,1,3049.0
38,1,36,2280.0
38,2,35,2325.0
38,3,34,2419.0
38,4,33,2497.0
38,5,32,2427.0
38,6,31,2386.0
38,7,30,2376.0
38,8,29,2398.0
38,9,28,2344.0
38,10,27,2455.0
38,11,26,2309.0
38,12,25,2433.0
38,13,24,2407.0
38,14,23,2240.0
38,15,22,2290.0
38,16,21,2344.0
38,17,20,2505.0
38,18,19,2514.0
38,19,18,2544.0
38,20,17,2408.0
38,21,16,2496.0
38,22,15,2588.0
38,23,14,2519.0
38,24,13,2672.0
38,25,12,2712.0
38,26,11,2715.0
38,27,10,2619.0
38,28,9,2722.0
38,29,8,2711.0
38,30,7,2813.0
38,31,6,2709.0
38,32,5,2817.0
38,33,4,2760.0
38,34,3,2958.0
38,35,2,2833.0
38,36,1,2991.0
39,1,35,2148.0
39,2,34,2312.0
39,3,33,2247.0
39,4,32,2387.0
39,5,31,2299.0
39,6,30,2420.0
39,7,29,2499.0
39,8,28,2405.0
39,9,27,2369.0
39,10,26,2469.0
39,11,25,2521.0
39,12,24,2332.0
39,13,23,2399.0
39,14,22,2417.0
39,15,21,2470.0
39,16,20,2294.0
39,17,19,2534.0
39,18,18,2459.0
39,19,17,2349.0
39,20,16,2463.0
39,21,15,2552.0
39,22,14,2604.0
39,23,13,2558.0
39,24,12,2616.0
39,25,11,2646.0
39,26,10,2541.0
39,27,9,2605.0
39,28,8,2626.0
39,29,7,2648.0
39,30,6,2767.0
39,31,5,2761.0
39,32,4,2878.0
39,33,3,2828.0
39,34,2,2843.0
39,35,1,2931.0
40,1,34,2306.0
40,2,33,2237.0
40,3,32,2267.0
40,4,31,2425.0
40,5,30,2228.0
40,6,29,2274.0
40,7,28,2281.0
40,8,27,2380.0
40,9,26,2397.0
40,10,25,2272.0
40,11,24,2308.0
40,12,23,2422.0
40,13,22,2346.0
40,14,21,2401.0
40,15,20,2390.0
40,16,19,2402.0
40,17,18,2566.0
40,18,17,2450.0
40,19,16,2564.0
40,20,15,2585.0
40,21,14,2481.0
40,22,13,2489.0
40,23,12,2644.0
40,24,11,2557.0
40,25,10,2702.0
40,26,9,2617.0
40,27,8,2664.0
40,28,7,2722.0
40,29,6,2792.0
40,30,5,2748.0
40,31,4,2829.0
40,32,3,2932.0
40,33,2,2908.0
40,34,1,2853.0
41,1,33,2243.0
41,2,32,2241.0
41,3,31,2339.0
41,4,30,2367.0
41,5,29,2201.0
41,6,28,2411.0
41,7,27,2385.0
41,8,26,2326.0
41,9,25,2330.0
41,10,24,2342.0
41,11,23,2424.0
41,12,22,2404.0
41,13,21,2373.0
41,14,20,2428.0
41,15,19,2390.0
41,16,18,2509.0
41,17,17,2434.0
41,18,16,2533.0
41,19,15,2541.0
41,20,14,2438.0
41,21,13,2600.0
41,22,12,2555.0
41,23,11,2714.0
41,24,10,2549.0
41,25,9,2692.0
41,26,8,2556.0
41,27,7,2720.0
41,28,6,2676.0
41,29,5,2636.0
41,30,4,2813.0
41,31,3,2719.0
41,32,2,2900.0
41,33,1,2889.0
42,1,32,2251.0
42,2,31,2464.0
42,3,30,2339.0
42,4,29,2348.0
42,5,28,2325.0
42,6,27,2426.0
42,7,26,2317.0
42,8,25,2347.0
42,9,24,2304.0
42,10,23,2483.0
42,11,22,2382.0
42,12,21,2502.0
42,13,20,2597.0
42,14,19,2461.0
42,15,18,2405.0
42,16,17,2435.0
42,17,16,2399.0
42,18,15,2429.0
42,19,14,2555.0
42,20,13,2534.0
42,21,12,2445.0
42,22,11,2492.0
42,23,10,2621.0
42,24,9,2732.0
42,25,8,2720.0
42,26,7,2654.0
42,27,6,2682.0
42,28,5,2794.0
42,29,4,2836.0
42,30,3,2822.0
42,31,2,2864.0
42,32,1,2889.0
43,1,31,2242.0
43,2,30,2284.0
43,3,29,2340.0
43,4,28,2323.0
43,5,27,2376.0
43,6,26,2385.0
43,7,25,2404.0
43,8,24,2319.0
43,9,23,2320.0
43,10,22,2294.0
43,11,21,2410.0
43,12,20,2246.0
43,13,19,2409.0
43,14,18,2359.0
43,15,17,2375.0
43,16,16,2474.0
43,17,15,2442.0
43,18,14,2528.0
43,19,13,2420.0
43,20,12,2464.0
43,21,11,2472.0
43,22,10,2657.0
43,23,9,2638.0
43,24,8,2740.0
43,25,7,2665.0
43,26,6,2673.0
43,27,5,2745.0
43,28,4,2696.0
43,29,3,2858.0
43,30,2,2781.0
43,31,1,2962.0
44,1,30,2234.0
44,2,29,2238.0
44,3,28,2270.0
44,4,27,2368.0
44,5,26,2209.0
44,6,25,2409.0
44,7,24,2264.0
44,8,23,2270.0
44,9,22,2358.0
44,10,21,2407.0
44,11,20,2283.0
44,12,19,2364.0
44,13,18,2456.0
44,14,17,2379.0
44,15,16,2448.0
44,16,15,2469.0
44,17,14,2537.0
44,18,13,2481.0
44,19,12,2518.0
44,20,11,2596.0
44,21,10,2581.0
44,22,9,2628.0
44,23,8,2767.0
44,24,7,2664.0
44,25,6,2675.0
44,26,5,2708.0
44,27,4,2666.0
44,28,3,2729.0
44,29,2,2723.0
44,30,1,2841.0
45,1,29,2274.0
45,2,28,2474.0
45,3,27,2319.0
45,4,26,2303.0
45,5,25,2361.0
45,6,24,2460.0
45,7,23,2358.0
45,8,22,2489.0
45,9,21,2393.0
45,10,20,2299.0
45,11,19,2528.0
45,12,18,2420.0
45,13,17,2310.0
45,14,16,2535.0
45,15,15,2499.0
45,16,14,2477.0
45,17,13,2482.0
45,18,12,2625.0
45,19,11,2528.0
45,20,10,2472.0
45,21,9,2530.0
45,22,8,2594.0
45,23,7,2548.0
45,24,6,2713.0
45,25,5,2576.0
45,26,4,2713.0
45,27,3,2726.0
45,28,2,2736.0
45,29,1,2782.0
46,1,28,2186.0
46,2,27,2360.0
46,3,26,2258.0
46,4,25,2433.0
46,5,24,2251.0
46,6,23,2312.0
46,7,22,2418.0
46,8,21,2376.0
46,9,20,2419.0
46,10,19,2470.0
46,11,18,2267.0
46,12,17,2449.0
46,13,16,2373.0
46,14,15,2435.0
46,15,14,2467.0
46,16,13,2523.0
46,17,12,2398.0
46,18,11,2529.0
46,19,10,2558.0
46,20,9,2557.0
46,21,8,2543.0
46,22,7,2660.0
46,23,6,2660.0
46,24,5,2723.0
46,25,4,2681.0
46,26,3,2725.0
46,27,2,2733.0
46,28,1,2832.0
47,1,27,2325.0
47,2,26,2413.0
47,3,25,2366.0
47,4,24,2322.0
47,5,23,2416.0
47,6,22,2435.0
47,7,21,2250.0
47,8,20,2344.0
47,9,19,2301.0
47,10,18,2366.0
47,11,17,2405.0
47,12,16,2462.0
47,13,15,2463.0
47,14,14,2472.0
47,15,13,2573.0
47,16,12,2577.0
47,17,11,2533.0
47,18,10,2599.0
47,19,9,2494.0
47,20,8,2603.0
47,21,7,2587.0
47,22,6,2620.0
47,23,5,2651.0
47,24,4,2658.0
47,25,3,2708.0
47,26,2,2689.0
47,27,1,2701.0
48,1,26,2295.0
48,2,25,2274.0
48,3,24,2544.0
48,4,23,2391.0
48,5,22,2278.0
48,6,21,2421.0
48,7,20,2271.0
48,8,19,2432.0
48,9,18,2431.0
48,10,17,2365.0
48,11,16,2398.0
48,12,15,2506.0
48,13,14,2569.0
48,14,13,2472.0
48,15,12,2571.0
48,16,11,2535.0
48,17,10,2500.0
48,18,9,2459.0
48,19,8,2517.0
48,20,7,2648.0
48,21,6,2668.0
48,22,5,2684.0
48,23,4,2587.0
48,24,3,2611.0
48,25,2,2719.0
48,26,1,2808.0
49,1,25,2245.0
49,2,24,2301.0
49,3,23,2494.0
49,4,22,2382.0
49,5,21,2282.0
49,6,20,2379.0
49,7,19,2526.0
49,8,18,2352.0
49,9,17,2510.0
49,10,16,2426.0
49,11,15,2513.0
49,12,14,2572.0
49,13,13,2382.0
49,14,12,2535.0
49,15,11,2571.0
49,16,10,2445.0
49,17,9,2649.0
49,18,8,2515.0
49,19,7,2667.0
49,20,6,2512.0
49,21,5,2546.0
49,22,4,2577.0
49,23,3,2768.0
49,24,2,2632.0
49,25,1,2667.0
50,1,24,2359.0
50,2,23,2378.0
50,3,22,2373.0
50,4,21,2470.0
50,5,20,2377.0
50,6,19,2520.0
50,7,18,2582.0
50,8,17,2469.0
50,9,16,2232.0
50,10,15,2349.0
50,11,14,2478.0
50,12,13,2469.0
50,13,12,2450.0
50,14,11,2364.0
50,15,10,2507.0
50,16,9,2572.0
50,17,8,2552.0
50,18,7,2470.0
50,19,6,2658.0
50,20,5,2563.0
50,21,4,2684.0
50,22,3,2636.0
50,23,2,2682.0
50,24,1,2735.0
51,1,23,2407.0
51,2,22,2373.0
51,3,21,2432.0
51,4,20,2371.0
51,5,19,2340.0
51,6,18,2332.0
51,7,17,2357.0
51,8,16,2508.0
51,9,15,2485.0
51,10,14,2414.0
51,11,13,2418.0
51,12,12,2456.0
51,13,11,2596.0
51,14,10,2521.0
51,15,9,2504.0
51,16,8,2454.0
51,17,7,2677.0
51,18,6,2448.0
51,19,5,2611.0
51,20,4,2589.0
51,21,3,2730.0
51,22,2,2490.0
51,23,1,2672.0
52,1,22,2351.0
52,2,21,2396.0
52,3,20,2482.0
52,4,19,2363.0
52,5,18,2352.0
52,6,17,2362.0
52,7,16,2253.0
52,8,15,2369.0
52,9,14,2407.0
52,10,13,2307.0
52,11,12,2350.0
52,12,11,2517.0
52,13,10,2516.0
52,14,9,2517.0
52,15,8,2497.0
52,16,7,2435.0
52,17,6,2589.0
52,18,5,2517.0
52,19,4,2571.0
52,20,3,2631.0
52,21,2,2523.0
52,22,1,2660.0
53,1,21,2381.0
53,2,20,2397.0
53,3,19,2231.0
53,4,18,2567.0
53,5,17,2356.0
53,6,16,2458.0
53,7,15,2410.0
53,8,14,2329.0
53,9,13,2358.0
53,10,12,2432.0
53,11,11,2532.0
53,12,10,2433.0
53,13,9,2410.0
53,14,8,2528.0
53,15,7,2581.0
53,16,6,2480.0
53,17,5,2545.0
53,18,4,2496.0
53,19,3,2615.0
53,20,2,2584.0
53,21,1,2617.0
54,1,20,2383.0
54,2,19,2402.0
54,3,18,2488.0
54,4,17,2361.0
54,5,16,2434.0
54,6,15,2537.0
54,7,14,2708.0
54,8,13,2553.0
54,9,12,2441.0
54,10,11,2548.0
54,11,10,2572.0
54,12,9,2572.0
54,13,8,2544.0
54,14,7,2441.0
54,15,6,2596.0
54,16,5,2482.0
54,17,4,2659.0
54,18,3,2588.0
54,19,2,2662.0
54,20,1,2578.0
55,1,19,2513.0
55,2,18,2463.0
55,3,17,2362.0
55,4,16,2275.0
55,5,15,2380.0
55,6,14,2398.0
55,7,13,2445.0
55,8,12,2368.0
55,9,11,2342.0
55,10,10,2352.0
55,11,9,2466.0
55,12,8,2532.0
55,13,7,2423.0
55,14,6,2411.0
55,15,5,2505.0
55,16,4,2537.0
55,17,3,2618.0
55,18,2,2730.0
55,19,1,2609.0
56,1,18,2364.0
56,2,17,2378.0
56,3,16,2443.0
56,4,15,2453.0
56,5,14,2451.0
56,6,13,2390.0
56,7,12,2586.0
56,8,11,2465.0
56,9,10,2391.0
56,10,9,2543.0
56,11,8,2467.0
56,12,7,2582.0
56,13,6,2567.0
56,14,5,2554.0
56,15,4,2518.0
56,16,3,2573.0
56,17,2,2734.0
56,18,1,2609.0
57,1,17,2462.0
57,2,16,2411.0
57,3,15,2361.0
57,4,14,2393.0
57,5,13,2511.0
57,6,12,2420.0
57,7,11,2472.0
57,8,10,2595.0
57,9,9,2525.0
57,10,8,2636.0
57,11,7,2488.0
57,12,6,2473.0
57,13,5,2704.0
57,14,4,2571.0
57,15,3,2478.0
57,16,2,2709.0
57,17,1,2679.0
58,1,16,2510.0
58,2,15,2497.0
58,3,14,2419.0
58,4,13,2476.0
58,5,12,2327.0
58,6,11,2338.0
58,7,10,2546.0
58,8,9,2471.0
58,9,8,2508.0
58,10,7,2545.0
58,11,6,2577.0
58,12,5,2450.0
58,13,4,2509.0
58,14,3,2644.0
58,15,2,2740.0
58,16,1,2616.0
59,1,15,2436.0
59,2,14,2347.0
59,3,13,2217.0
59,4,12,2610.0
59,5,11,2428.0
59,6,10,2447.0
59,7,9,2469.0
59,8,8,2525.0
59,9,7,2547.0
59,10,6,2490.0
59,11,5,2430.0
59,12,4,2641.0
59,13,3,2458.0
59,14,2,2759.0
59,15,1,2587.0
60,1,14,2429.0
60,2,13,2371.0
60,3,12,2457.0
60,4,11,2395.0
60,5,10,2516.0
60,6,9,2538.0
60,7,8,2469.0
60,8,7,2542.0
60,9,6,2439.0
60,10,5,2573.0
60,11,4,2484.0
60,12,3,2661.0
60,13,2,2525.0
60,14,1,2634.0
61,1,13,2391.0
61,2,12,2583.0
61,3,11,2403.0
61,4,10,2510.0
61,5,9,2385.0
61,6,8,2470.0
61,7,7,2505.0
61,8,6,2435.0
61,9,5,2590.0
61,10,4,2536.0
61,11,3,2476.0
61,12,2,2555.0
61,13,1,2553.0
62,1,12,2398.0
62,2,11,2397.0
62,3,10,2548.0
62,4,9,2497.0
62,5,8,2560.0
62,6,7,2436.0
62,7,6,2551.0
62,8,5,2590.0
62,9,4,2533.0
62,10,3,2503.0
62,11,2,2558.0
62,12,1,2645.0
63,1,11,2258.0
63,2,10,2491.0
63,3,9,2485.0
63,4,8,2405.0
63,5,7,2500.0
63,6,6,2574.0
63,7,5,2565.0
63,8,4,2486.0
63,9,3,2513.0
63,10,2,2712.0
63,11,1,2614.0
64,1,10,2396.0
64,2,9,2410.0
64,3,8,2509.0
64,4,7,2608.0
64,5,6,2588.0
64,6,5,2598.0
64,7,4,2538.0
64,8,3,2567.0
64,9,2,2683.0
64,10,1,2545.0
65,1,9,2548.0
65,2,8,2403.0
65,3,7,2581.0
65,4,6,2590.0
65,5,5,2556.0
65,6,4,2611.0
65,7,3,2565.0
65,8,2,2733.0
65,9,1,2614.0
66,1,8,2413.0
66,2,7,2461.0
66,3,6,2520.0
66,4,5,2538.0
66,5,4,2576.0
66,6,3,2516.0
66,7,2,2411.0
66,8,1,2490.0
67,1,7,2582.0
67,2,6,2563.0
67,3,5,2473.0
67,4,4,2420.0
67,5,3,2670.0
67,6,2,2662.0
67,7,1,2694.0
68,1,6,2634.0
68,2,5,2559.0
68,3,4,2747.0
68,4,3,2620.0
68,5,2,2487.0
68,6,1,2628.0
69,1,5,2577.0
69,2,4,2508.0
69,3,3,2466.0
69,4,2,2710.0
69,5,1,2479.0
70,1,4,2495.0
70,2,3,2545.0
70,3,2,2506.0
70,4,1,2617.0
71,1,3,2675.0
71,2,2,2583.0
71,3,1,2580.0
72,1,2,2541.0
72,2,1,2664.0
73,1,1,2571.0
1,1,73,2707.0
1,2,72,2731.0
1,3,71,2591.0
1,4,70,2582.0
1,5,69,2491.0
1,6,68,2559.0
1,7,67,2671.0
1,8,66,2594.0
1,9,65,2511.0
1,10,64,2506.0
1,11,63,2440.0
1,12,62,2416.0
1,13,61,2403.0
1,14,60,2588.0
1,15,59,2567.0
1,16,58,2686.0
1,17,57,2559.0
1,18,56,2614.0
1,19,55,2618.0
1,20,54,2656.0
1,21,53,2693.0
1,22,52,2526.0
1,23,51,2614.0
1,24,50,2742.0
1,25,49,2853.0
1,26,48,2713.0
1,27,47,2755.0
1,28,46,2769.0
1,29,45,2849.0
1,30,44,2907.0
1,31,43,2828.0
1,32,42,2891.0
1,33,41,2853.0
1,34,40,2878.0
1,35,39,2983.0
1,36,38,2921.0
1,37,37,3172.0
1,38,36,3153.0
1,39,35,3082.0
1,40,34,3142.0
1,41,33,3288.0
1,42,32,3132.0
1,43,31,3287.0
1,44,30,3153.0
1,45,29,3451.0
1,46,28,3155.0
1,47,27,3435.0
1,48,26,3578.0
1,49,25,3419.0
1,50,24,3445.0
1,51,23,3410.0
1,52,22,3635.0
1,53,21,3788.0
1,54,20,3660.0
1,55,19,3864.0
1,56,18,3768.0
1,57,17,3749.0
1,58,16,3832.0
1,59,15,3932.0
1,60,14,3748.0
1,61,13,3768.0
1,62,12,3965.0
1,63,11,3934.0
1,64,10,4132.0
1,65,9,4165.0
1,66,8,4099.0
1,67,7,4076.0
1,68,6,4207.0
1,69,5,4084.0
1,70,4,4165.0
1,71,3,4160.0
1,72,2,4256.0
1,73,1,4331.0
2,1,72,2655.0
2,2,71,2628.0
2,3,70,2573.0
2,4,69,2596.0
2,5,68,2540.0
2,6,67,2593.0
2,7,66,2513.0
2,8,65,2520.0
2,9,64,2603.0
2,10,63,2581.0
2,11,62,2677.0
2,12,61,2545.0
2,13,60,2553.0
2,14,59,2541.0
2,15,58,2473.0
2,16,57,2464.0
2,17,56,2580.0
2,18,55,2598.0
2,19,54,2569.0
2,20,53,2568.0
2,21,52,2702.0
2,22,51,2570.0
2,23,50,2581.0
2,24,49,2731.0
2,25,48,2674.0
2,26,47,2656.0
2,27,46,2902.0
2,28,45,2790.0
2,29,44,2971.0
2,30,43,2865.0
2,31,42,2857.0
2,32,41,2850.0
2,33,40,3065.0
2,34,39,3053.0
2,35,38,3007.0
2,36,37,2944.0
2,37,36,3070.0
2,38,35,3082.0
2,39,34,3103.0
2,40,33,3127.0
2,41,32,3083.0
2,42,31,3391.0
2,43,30,3285.0
2,44,29,3378.0
2,45,28,3347.0
2,46,27,3564.0
2,47,26,3445.0
2,48,25,3437.0
2,49,24,3431.0
2,50,23,3516.0
2,51,22,3460.0
2,52,21,3531.0
2,53,20,3525.0
2,54,19,3739.0
2,55,18,3759.0
2,56,17,3691.0
2,57,16,3723.0
2,58,15,3871.0
2,59,14,3872.0
2,60,13,3870.0
2,61,12,3922.0
2,62,11,3940.0
2,63,10,3961.0
2,64,9,4029.0
2,65,8,3944.0
2,66,7,4167.0
2,67,6,4221.0
2,68,5,4179.0
2,69,4,4136.0
2,70,3,4238.0
2,71,2,4294.0
2,72,1,4278.0
3,1,71,2572.0
3,2,70,2566.0
3,3,69,2442.0
3,4,68,2584.0
3,5,67,2431.0
3,6,66,2566.0
3,7,65,2412.0
3,8,64,2572.0
3,9,63,2472.0
3,10,62,2333.0
3,11,61,2397.0
3,12,60,2482.0
3,13,59,2557.0
3,14,58,2466.0
3,15,57,2396.0
3,16,56,2560.0
3,17,55,2504.0
3,18,54,2625.0
3,19,53,2500.0
3,20,52,2750.0
3,21,51,2632.0
3,22,50,2589.0
3,23,49,2704.0
3,24,48,2605.0
3,25,47,2595.0
3,26,46,2800.0
3,27,45,2687.0
3,28,44,2779.0
3,29,43,2639.0
3,30,42,2814.0
3,31,41,2846.0
3,32,40,2881.0
3,33,39,2944.0
3,34,38,3055.0
3,35,37,2917.0
3,36,36,3141.0
3,37,35,3058.0
3,38,34,3191.0
3,39,33,3036.0
3,40,32,3222.0
3,41,31,3247.0
3,42,30,3290.0
3,43,29,3209.0
3,44,28,3356.0
3,45,27,3378.0
3,46,26,3288.0
3,47,25,3262.0
3,48,24,3398.0
3,49,23,3377.0
3,50,22,3482.0
3,51,21,3603.0
3,52,20,3619.0
3,53,19,3652.0
3,54,18,3782.0
3,55,17,3618.0
3,56,16,3871.0
3,57,15,3688.0
3,58,14,3777.0
3,59,13,3841.0
3,60,12,3860.0
3,61,11,3998.0
3,62,10,3855.0
3,63,9,3999.0
3,64,8,4024.0
3,65,7,3992.0
3,66,6,4099.0
3,67,5,4182.0
3,68,4,4129.0
3,69,3,4117.0
3,70,2,4145.0
3,71,1,4405.0
4,1,70,2499.0
4,2,69,2495.0
4,3,68,2524.0
4,4,67,2452.0
4,5,66,2429.0
4,6,65,2560.0
4,7,64,2455.0
4,8,63,2403.0
4,9,62,2446.0
4,10,61,2447.0
4,11,60,2485.0
4,12,59,2444.0
4,13,58,2421.0
4,14,57,2458.0
4,15,56,2571.0
4,16,55,2479.0
4,17,54,2552.0
4,18,53,2451.0
4,19,52,2552.0
4,20,51,2581.0
4,21,50,2557.0
4,22,49,2547.0
4,23,48,2539.0
4,24,47,2708.0
4,25,46,2738.0
4,26,45,2780.0
4,27,44,2830.0
4,28,43,2790.0
4,29,42,2797.0
4,30,41,2793.0
4,31,40,2987.0
4,32,39,2909.0
4,33,38,2927.0
4,34,37,2958.0
4,35,36,2830.0
4,36,35,3100.0
4,37,34,3097.0
4,38,33,3175.0
4,39,32,3128.0
4,40,31,3094.0
4,41,30,3188.0
4,42,29,3136.0
4,43,28,3352.0
4,44,27,3190.0
4,45,26,3242.0
4,46,25,3352.0
4,47,24,3476.0
4,48,23,3392.0
4,49,22,3407.0
4,50,21,3664.0
4,51,20,3380.0
4,52,19,3602.0
4,53,18,3557.0
4,54,17,3554.0
4,55,16,3685.0
4,56,15,3789.0
4,57,14,3671.0
4,58,13,3743.0
4,59,12,3716.0
4,60,11,3907.0
4,61,10,3911.0
4,62,9,3928.0
4,63,8,3926.0
4,64,7,3970.0
4,65,6,3976.0
4,66,5,4060.0
4,67,4,4160.0
4,68,3,4072.0
4,69,2,4161.0
4,70,1,4133.0
5,1,69,2512.0
5,2,68,2516.0
5,3,67,2548.0
5,4,66,2433.0
5,5,65,2573.0
5,6,64,2441.0
5,7,63,2503.0
5,8,62,2534.0
5,9,61,2438.0
5,10,60,2432.0
5,11,59,2352.0
5,12,58,2438.0
5,13,57,2411.0
5,14,56,2559.0
5,15,55,2485.0
5,16,54,2680.0
5,17,53,2442.0
5,18,52,2637.0
5,19,51,2516.0
5,20,50,2569.0
5,21,49,2590.0
5,22,48,2626.0
5,23,47,2621.0
5,24,46,2651.0
5,25,45,2672.0
5,26,44,2593.0
5,27,43,2745.0
5,28,42,2783.0
5,29,41,2782.0
5,30,40,2766.0
5,31,39,2873.0
5,32,38,2770.0
5,33,37,2827.0
5,34,36,2937.0
5,35,35,3081.0
5,36,34,2934.0
5,37,33,3052.0
5,38,32,2986.0
5,39,31,2935.0
5,40,30,3054.0
5,41,29,3132.0
5,42,28,3278.0
5,43,27,3288.0
5,44,26,3271.0
5,45,25,3250.0
5,46,24,3271.0
5,47,23,3291.0
5,48,22,3385.0
5,49,21,3481.0
5,50,20,3407.0
5,51,19,3537.0
5,52,18,3547.0
5,53,17,3603.0
5,54,16,3720.0
5,55,15,3697.0
5,56,14,3699.0
5,57,13,3741.0
5,58,12,3793.0
5,59,11,3881.0
5,60,10,3721.0
5,61,9,3918.0
5,62,8,4019.0
5,63,7,3925.0
5,64,6,3999.0
5,65,5,3975.0
5,66,4,4081.0
5,67,3,4108.0
5,68,2,4234.0
5,69,1,4205.0
6,1,68,2474.0
6,2,67,2481.0
6,3,66,2455.0
6,4,65,2534.0
6,5,64,2451.0
6,6,63,2515.0
6,7,62,2401.0
6,8,61,2438.0
6,9,60,2442.0
6,10,59,2473.0
6,11,58,2515.0
6,12,57,2398.0
6,13,56,2464.0
6,14,55,2560.0
6,15,54,2390.0
6,16,53,2537.0
6,17,52,2460.0
6,18,51,2503.0
6,19,50,2477.0
6,20,49,2665.0
6,21,48,2496.0
6,22,47,2556.0
6,23,46,2709.0
6,24,45,2553.0
6,25,44,2674.0
6,26,43,2690.0
6,27,42,2908.0
6,28,41,2729.0
6,29,40,2716.0
6,30,39,2772.0
6,31,38,2897.0
6,32,37,2914.0
6,33,36,2914.0
6,34,35,2979.0
6,35,34,2799.0
6,36,33,3080.0
6,37,32,2971.0
6,38,31,3034.0
6,39,30,3083.0
6,40,29,3059.0
6,41,28,3233.0
6,42,27,3122.0
6,43,26,3301.0
6,44,25,3210.0
6,45,24,3347.0
6,46,23,3437.0
6,47,22,3268.0
6,48,21,3394.0
6,49,20,3339.0
6,50,19,3358.0
6,51,18,3540.0
6,52,17,3446.0
6,53,16,3660.0
6,54,15,3530.0
6,55,14,3727.0
6,56,13,3685.0
6,57,12,3700.0
6,58,11,3770.0
6,59,10,3745.0
6,60,9,3821.0
6,61,8,3906.0
6,62,7,3983.0
6,63,6,3932.0
6,64,5,3952.0
6,65,4,3911.0
6,66,3,4059.0
6,67,2,4003.0
6,68,1,4029.0
7,1,67,2468.0
7,2,66,2384.0
7,3,65,2476.0
7,4,64,2489.0
7,5,63,2497.0
7,6,62,2387.0
7,7,61,2461.0
7,8,60,2386.0
7,9,59,2331.0
7,10,58,2445.0
7,11,57,2417.0
7,12,56,2350.0
7,13,55,2293.0
7,14,54,2544.0
7,15,53,2537.0
7,16,52,2517.0
7,17,51,2449.0
7,18,50,2389.0
7,19,49,2585.0
7,20,48,2565.0
7,21,47,2534.0
7,22,46,2553.0
7,23,45,2617.0
7,24,44,2699.0
7,25,43,2549.0
7,26,42,2826.0
7,27,41,2828.0
7,28,40,2748.0
7,29,39,2833.0
7,30,38,2819.0
7,31,37,2943.0
7,32,36,2927.0
7,33,35,3034.0
7,34,34,2915.0
7,35,33,3048.0
7,36,32,2935.0
7,37,31,2975.0
7,38,30,3092.0
7,39,29,3079.0
7,40,28,3092.0
7,41,27,3210.0
7,42,26,3208.0
7,43,25,3223.0
7,44,24,3193.0
7,45,23,3402.0
7,46,22,3349.0
7,47,21,3426.0
7,48,20,3373.0
7,49,19,3318.0
7,50,18,3472.0
7,51,17,3411.0
7,52,16,3536.0
7,53,15,3673.0
7,54,14,3742.0
7,55,13,3769.0
7,56,12,3725.0
7,57,11,3759.0
7,58,10,3700.0
7,59,9,3893.0
7,60,8,3700.0
7,61,7,3924.0
7,62,6,3986.0
7,63,5,3872.0
7,64,4,3973.0
7,65,3,4034.0
7,66,2,4013.0
7,67,1,4068.0
8,1,66,2464.0
8,2,65,2424.0
8,3,64,2491.0
8,4,63,2476.0
8,5,62,2323.0
8,6,61,2321.0
8,7,60,2543.0
8,8,59,2494.0
8,9,58,2506.0
8,10,57,2365.0
8,11,56,2444.0
8,12,55,2391.0
8,13,54,2413.0
8,14,53,2516.0
8,15,52,2348.0
8,16,51,2376.0
8,17,50,2524.0
8,18,49,2484.0
8,19,48,2552.0
8,20,47,2551.0
8,21,46,2456.0
8,22,45,2604.0
8,23,44,2720.0
8,24,43,2613.0
8,25,42,2704.0
8,26,41,2668.0
8,27,40,2714.0
8,28,39,2633.0
8,29,38,2687.0
8,30,37,2718.0
8,31,36,2828.0
8,32,35,2877.0
8,33,34,2911.0
8,34,33,2832.0
8,35,32,3110.0
8,36,31,2996.0
8,37,30,2995.0
8,38,29,3121.0
8,39,28,3161.0
8,40,27,3097.0
8,41,26,3175.0
8,42,25,3211.0
8,43,24,3233.0
8,44,23,3251.0
8,45,22,3295.0
8,46,21,3416.0
8,47,20,3306.0
8,48,19,3355.0
8,49,18,3552.0
8,50,17,3484.0
8,51,16,3484.0
8,52,15,3450.0
8,53,14,3665.0
8,54,13,3559.0
8,55,12,3684.0
8,56,11,3634.0
8,57,10,3700.0
8,58,9,3747.0
8,59,8,3744.0
8,60,7,3829.0
8,61,6,3916.0
8,62,5,3952.0
8,63,4,3929.0
8,64,3,3948.0
8,65,2,4091.0
8,66,1,4103.0
9,1,65,2572.0
9,2,64,2411.0
9,3,63,2389.0
9,4,62,2484.0
9,5,61,2400.0
9,6,60,2527.0
9,7,59,2561.0
9,8,58,2311.0
9,9,57,2406.0
9,10,56,2367.0
9,11,55,2325.0
9,12,54,2330.0
9,13,53,2534.0
9,14,52,2429.0
9,15,51,2455.0
9,16,50,2542.0
9,17,49,2533.0
9,18,48,2571.0
9,19,47,2476.0
9,20,46,2578.0
9,21,45,2597.0
9,22,44,2704.0
9,23,43,2641.0
9,24,42,2537.0
9,25,41,2634.0
9,26,40,2533.0
9,27,39,2856.0
9,28,38,2679.0
9,29,37,2833.0
9,30,36,2892.0
9,31,35,2761.0
9,32,34,2645.0
9,33,33,2844.0
9,34,32,2865.0
9,35,31,2894.0
9,36,30,3094.0
9,37,29,2941.0
9,38,28,3074.0
9,39,27,2992.0
9,40,26,2992.0
9,41,25,3104.0
9,42,24,3126.0
9,43,23,3370.0
9,44,22,3303.0
9,45,21,3315.0
9,46,20,3338.0
9,47,19,3378.0
9,48,18,3487.0
9,49,17,3531.0
9,50,16,3494.0
9,51,15,3587.0
9,52,14,3620.0
9,53,13,3510.0
9,54,12,3540.0
9,55,11,3694.0
9,56,10,3497.0
9,57,9,3647.0
9,58,8,3815.0
9,59,7,3739.0
9,60,6,3813.0
9,61,5,3806.0
9,62,4,3892.0
9,63,3,3953.0
9,64,2,4060.0
9,65,1,4038.0
10,1,64,2424.0
10,2,63,2527.0
10,3,62,2478.0
10,4,61,2454.0
10,5,60,2395.0
10,6,59,2389.0
10,7,58,2400.0
10,8,57,2460.0
10,9,56,2462.0
10,10,55,2408.0
10,11,54,2337.0
10,12,53,2338.0
10,13,52,2518.0
10,14,51,2532.0
10,15,50,2389.0
10,16,49,2474.0
10,17,48,2359.0
10,18,47,2444.0
10,19,46,2564.0
10,20,45,2596.0
10,21,44,2496.0
10,22,43,2545.0
10,23,42,2571.0
10,24,41,2490.0
10,25,40,2710.0
10,26,39,2692.0
10,27,38,2849.0
10,28,37,2739.0
10,29,36,2681.0
10,30,35,2790.0
10,31,34,2868.0
10,32,33,2844.0
10,33,32,2879.0
10,34,31,2954.0
10,35,30,2889.0
10,36,29,2994.0
10,37,28,2952.0
10,38,27,3014.0
10,39,26,3187.0
10,40,25,3080.0
10,41,24,3058.0
10,42,23,3149.0
10,43,22,3070.0
10,44,21,3242.0
10,45,20,3321.0
10,46,19,3345.0
10,47,18,3317.0
10,48,17,3389.0
10,49,16,3479.0
10,50,15,3509.0
10,51,14,3570.0
10,52,13,3521.0
10,53,12,3520.0
10,54,11,3619.0
10,55,10,3679.0
10,56,9,3723.0
10,57,8,3711.0
10,58,7,3853.0
10,59,6,3726.0
10,60,5,3813.0
10,61,4,3952.0
10,62,3,3896.0
10,63,2,3974.0
10,64,1,3958.0
11,1,63,2541.0
11,2,62,2317.0
11,3,61,2384.0
11,4,60,2440.0
11,5,59,2458.0
11,6,58,2348.0
11,7,57,2442.0
11,8,56,2386.0
11,9,55,2339.0
11,10,54,2458.0
11,11,53,2330.0
11,12,52,2388.0
11,13,51,2507.0
11,14,50,2364.0
11,15,49,2512.0
11,16,48,2445.0
11,17,47,2427.0
11,18,46,2639.0
11,19,45,2478.0
11,20,44,2485.0
11,21,43,2531.0
11,22,42,2679.0
11,23,41,2499.0
11,24,40,2724.0
11,25,39,2665.0
11,26,38,2724.0
11,27,37,2613.0
11,28,36,2766.0
11,29,35,2769.0
11,30,34,2797.0
11,31,33,2830.0
11,32,32,2916.0
11,33,31,2736.0
11,34,30,2931.0
11,35,29,2944.0
11,36,28,3052.0
11,37,27,3094.0
11,38,26,2958.0
11,39,25,3100.0
11,40,24,3060.0
11,41,23,3234.0
11,42,22,3179.0
11,43,21,3023.0
11,44,20,3175.0
11,45,19,3231.0
11,46,18,3426.0
11,47,17,3304.0
11,48,16,3328.0
11,49,15,3274.0
11,50,14,3426.0
11,51,13,3473.0
11,52,12,3430.0
11,53,11,3601.0
11,54,10,3724.0
11,55,9,3760.0
11,56,8,3687.0
11,57,7,3797.0
11,58,6,3738.0
11,59,5,3790.0
11,60,4,3705.0
11,61,3,3761.0
11,62,2,3916.0
11,63,1,3946.0
12,1,62,2442.0
12,2,61,2321.0
12,3,60,2358.0
12,4,59,2482.0
12,5,58,2214.0
12,6,57,2366.0
12,7,56,2370.0
12,8,55,2405.0
12,9,54,2332.0
12,10,53,2322.0
12,11,52,2366.0
12,12,51,2320.0
12,13,50,2376.0
12,14,49,2355.0
12,15,48,2504.0
12,16,47,2282.0
12,17,46,2363.0
12,18,45,2395.0
12,19,44,2735.0
12,20,43,2426.0
12,21,42,2566.0
12,22,41,2567.0
12,23,40,2567.0
12,24,39,2602.0
12,25,38,2810.0
12,26,37,2700.0
12,27,36,2666.0
12,28,35,2755.0
12,29,34,2831.0
12,30,33,2706.0
12,31,32,2792.0
12,32,31,2763.0
12,33,30,2839.0
12,34,29,2746.0
12,35,28,2963.0
12,36,27,3130.0
12,37,26,2811.0
12,38,25,3010.0
12,39,24,3082.0
12,40,23,2948.0
12,41,22,3040.0
12,42,21,3250.0
12,43,20,3227.0
12,44,19,3225.0
12,45,18,3317.0
12,46,17,3211.0
12,47,16,3368.0
12,48,15,3484.0
12,49,14,3423.0
12,50,13,3536.0
12,51,12,3509.0
12,52,11,3512.0
12,53,10,3536.0
12,54,9,3665.0
12,55,8,3679.0
12,56,7,3757.0
12,57,6,3729.0
12,58,5,3777.0
12,59,4,3874.0
12,60,3,3808.0
12,61,2,3807.0
12,62,1,3839.0
13,1,61,2380.0
13,2,60,2553.0
13,3,59,2343.0
13,4,58,2417.0
13,5,57,2359.0
13,6,56,2330.0
13,7,55,2462.0
13,8,54,2243.0
13,9,53,2302.0
13,10,52,2399.0
13,11,51,2263.0
13,12,50,2272.0
13,13,49,2324.0
13,14,48,2320.0
13,15,47,2403.0
13,16,46,2307.0
13,17,45,2606.0
13,18,44,2570.0
13,19,43,2514.0
13,20,42,2500.0
13,21,41,2396.0
13,22,40,2556.0
13,23,39,2607.0
13,24,38,2644.0
13,25,37,2469.0
13,26,36,2599.0
13,27,35,2569.0
13,28,34,2740.0
13,29,33,2702.0
13,30,32,2638.0
13,31,31,2814.0
13,32,30,2955.0
13,33,29,2996.0
13,34,28,2828.0
13,35,27,2937.0
13,36,26,2822.0
13,37,25,2995.0
13,38,24,3050.0
13,39,23,3058.0
13,40,22,3223.0
13,41,21,3148.0
13,42,20,3219.0
13,43,19,3211.0
13,44,18,3246.0
13,45,17,3121.0
13,46,16,3226.0
13,47,15,3447.0
13,48,14,3399.0
13,49,13,3495.0
13,50,12,3438.0
13,51,11,3400.0
13,52,10,3509.0
13,53,9,3561.0
13,54,8,3558.0
13,55,7,3573.0
13,56,6,3721.0
13,57,5,3719.0
13,58,4,3803.0
13,59,3,3689.0
13,60,2,3826.0
13,61,1,3853.0
14,1,60,2433.0
14,2,59,2380.0
14,3,58,2340.0
14,4,57,2298.0
14,5,56,2341.0
14,6,55,2311.0
14,7,54,2407.0
14,8,53,2343.0
14,9,52,2382.0
14,10,51,2319.0
14,11,50,2379.0
14,12,49,2319.0
14,13,48,2320.0
14,14,47,2401.0
14,15,46,2362.0
14,16,45,2351.0
14,17,44,2379.0
14,18,43,2373.0
14,19,42,2500.0
14,20,41,2555.0
14,21,40,2429.0
14,22,39,2667.0
14,23,38,2690.0
14,24,37,2526.0
14,25,36,2679.0
14,26,35,2675.0
14,27,34,2499.0
14,28,33,2747.0
14,29,32,2663.0
14,30,31,2733.0
14,31,30,2772.0
14,32,29,2809.0
14,33,28,2863.0
14,34,27,2812.0
14,35,26,3077.0
14,36,25,2916.0
14,37,24,2862.0
14,38,23,3089.0
14,39,22,2955.0
14,40,21,3142.0
14,41,20,3095.0
14,42,19,3112.0
14,43,18,3240.0
14,44,17,3166.0
14,45,16,3337.0
14,46,15,3230.0
14,47,14,3309.0
14,48,13,3243.0
14,49,12,3460.0
14,50,11,3463.0
14,51,10,3455.0
14,52,9,3422.0
14,53,8,3586.0
14,54,7,3584.0
14,55,6,3612.0
14,56,5,3581.0
14,57,4,3664.0
14,58,3,3681.0
14,59,2,3722.0
14,60,1,3717.0
15,1,59,2441.0
15,2,58,2462.0
15,3,57,2372.0
15,4,56,2352.0
15,5,55,2344.0
15,6,54,2335.0
15,7,53,2188.0
15,8,52,2567.0
15,9,51,2310.0
15,10,50,2512.0
15,11,49,2394.0
15,12,48,2415.0
15,13,47,2380.0
15,14,46,2372.0
15,15,45,2537.0
15,16,44,2373.0
15,17,43,2459.0
15,18,42,2467.0
15,19,41,2392.0
15,20,40,2519.0
15,21,39,2613.0
15,22,38,2461.0
15,23,37,2638.0
15,24,36,2537.0
15,25,35,2613.0
15,26,34,2561.0
15,27,33,2794.0
15,28,32,2866.0
15,29,31,2766.0
15,30,30,2719.0
15,31,29,2657.0
15,32,28,2815.0
15,33,27,2810.0
15,34,26,2960.0
15,35,25,2893.0
15,36,24,3006.0
15,37,23,2944.0
15,38,22,3130.0
15,39,21,3027.0
15,40,20,3108.0
15,41,19,3103.0
15,42,18,3157.0
15,43,17,3340.0
15,44,16,3210.0
15,45,15,3242.0
15,46,14,3390.0
15,47,13,3188.0
15,48,12,3307.0
15,49,11,3363.0
15,50,10,3337.0
15,51,9,3481.0
15,52,8,3710.0
15,53,7,3490.0
15,54,6,3546.0
15,55,5,3682.0
15,56,4,3718.0
15,57,3,3727.0
15,58,2,3693.0
15,59,1,3735.0
16,1,58,2283.0
16,2,57,2449.0
16,3,56,2367.0
16,4,55,2403.0
16,5,54,2397.0
16,6,53,2289.0
16,7,52,2380.0
16,8,51,2499.0
16,9,50,2399.0
16,10,49,2322.0
16,11,48,2472.0
16,12,47,2308.0
16,13,46,2281.0
16,14,45,2350.0
16,15,44,2336.0
16,16,43,2402.0
16,17,42,2493.0
16,18,41,2519.0
16,19,40,2579.0
16,20,39,2505.0
16,21,38,2496.0
16,22,37,2495.0
16,23,36,2524.0
16,24,35,2678.0
16,25,34,2604.0
16,26,33,2626.0
16,27,32,2655.0
16,28,31,2638.0
16,29,30,2720.0
16,30,29,2680.0
16,31,28,2825.0
16,32,27,2789.0
16,33,26,2932.0
16,34,25,2938.0
16,35,24,2998.0
16,36,23,3031.0
16,37,22,2936.0
16,38,21,3166.0
16,39,20,3082.0
16,40,19,3054.0
16,41,18,3173.0
16,42,17,3112.0
16,43,16,3250.0
16,44,15,3233.0
16,45,14,3347.0
16,46,13,3352.0
16,47,12,3392.0
16,48,11,3378.0
16,49,10,3398.0
16,50,9,3491.0
16,51,8,3564.0
16,52,7,3478.0
16,53,6,3474.0
16,54,5,3539.0
16,55,4,3789.0
16,56,3,3695.0
16,57,2,3713.0
16,58,1,3644.0
17,1,57,2351.0
17,2,56,2338.0
17,3,55,2351.0
17,4,54,2280.0
17,5,53,2292.0
17,6,52,2168.0
17,7,51,2347.0
17,8,50,2298.0
17,9,49,2520.0
17,10,48,2238.0
17,11,47,2417.0
17,12,46,2267.0
17,13,45,2380.0
17,14,44,2463.0
17,15,43,2520.0
17,16,42,2333.0
17,17,41,2354.0
17,18,40,2481.0
17,19,39,2493.0
17,20,38,2362.0
17,21,37,2534.0
17,22,36,2457.0
17,23,35,2617.0
17,24,34,2566.0
17,25,33,2524.0
17,26,32,2678.0
17,27,31,2651.0
17,28,30,2759.0
17,29,29,2645.0
17,30,28,2648.0
17,31,27,2694.0
17,32,26,2943.0
17,33,25,2790.0
17,34,24,2828.0
17,35,23,2831.0
17,36,22,2983.0
17,37,21,2880.0
17,38,20,3079.0
17,39,19,3140.0
17,40,18,3105.0
17,41,17,3046.0
17,42,16,3072.0
17,43,15,3124.0
17,44,14,3234.0
17,45,13,3218.0
17,46,12,3322.0
17,47,11,3336.0
17,48,10,3223.0
17,49,9,3483.0
17,50,8,3430.0
17,51,7,3415.0
17,52,6,3525.0
17,53,5,3500.0
17,54,4,3535.0
17,55,3,3660.0
17,56,2,3608.0
17,57,1,3660.0
18,1,56,2439.0
18,2,55,2279.0
18,3,54,2359.0
18,4,53,2270.0
18,5,52,2433.0
18,6,51,2442.0
18,7,50,2477.0
18,8,49,2407.0
18,9,48,2353.0
18,10,47,2389.0
18,11,46,2312.0
18,12,45,2353.0
18,13,44,2390.0
18,14,43,2457.0
18,15,42,2478.0
18,16,41,2452.0
18,17,40,2360.0
18,18,39,2311.0
18,19,38,2371.0
18,20,37,2609.0
18,21,36,2448.0
18,22,35,2602.0
18,23,34,2620.0
18,24,33,2497.0
18,25,32,2619.0
18,26,31,2607.0
18,27,30,2484.0
18,28,29,2638.0
18,29,28,2669.0
18,30,27,2623.0
18,31,26,2817.0
18,32,25,2861.0
18,33,24,2889.0
18,34,23,2913.0
18,35,22,2815.0
18,36,21,2944.0
18,37,20,2868.0
18,38,19,3088.0
18,39,18,2985.0
18,40,17,3129.0
18,41,16,3159.0
18,42,15,3217.0
18,43,14,3284.0
18,44,13,3171.0
18,45,12,3212.0
18,46,11,3403.0
18,47,10,3352.0
18,48,9,3253.0
18,49,8,3433.0
18,50,7,3507.0
18,51,6,3530.0
18,52,5,3512.0
18,53,4,3650.0
18,54,3,3695.0
18,55,2,3545.0
18,56,1,3780.0
19,1,55,2390.0
19,2,54,2234.0
19,3,53,2335.0
19,4,52,2369.0
19,5,51,2355.0
19,6,50,2350.0
19,7,49,2273.0
19,8,48,2435.0
19,9,47,2436.0
19,10,46,2240.0
19,11,45,2346.0
19,12,44,2414.0
19,13,43,2390.0
19,14,42,2363.0
19,15,41,2293.0
19,16,40,2323.0
19,17,39,2421.0
19,18,38,2514.0
19,19,37,2431.0
19,20,36,2355.0
19,21,35,2457.0
19,22,34,2438.0
19,23,33,2623.0
19,24,32,2535.0
19,25,31,2448.0
19,26,30,2645.0
19,27,29,2488.0
19,28,28,2750.0
19,29,27,2674.0
19,30,26,2889.0
19,31,25,2808.0
19,32,24,2700.0
19,33,23,2754.0
19,34,22,2850.0
19,35,21,2818.0
19,36,20,2907.0
19,37,19,2926.0
19,38,18,2933.0
19,39,17,2956.0
19,40,16,3136.0
19,41,15,3134.0
19,42,14,3240.0
19,43,13,3193.0
19,44,12,3271.0
19,45,11,3177.0
19,46,10,3358.0
19,47,9,3297.0
19,48,8,3305.0
19,49,7,3335.0
19,50,6,3506.0
19,51,5,3479.0
19,52,4,3432.0
19,53,3,3575.0
19,54,2,3648.0
19,55,1,3598.0
20,1,54,2235.0
20,2,53,2299.0
20,3,52,2339.0
20,4,51,2314.0
20,5,50,2394.0
20,6,49,2359.0
20,7,48,2308.0
20,8,47,2295.0
20,9,46,2336.0
20,10,45,2250.0
20,11,44,2396.0
20,12,43,2396.0
20,13,42,2299.0
20,14,41,2390.0
20,15,40,2246.0
20,16,39,2386.0
20,17,38,2341.0
20,18,37,2380.0
20,19,36,2545.0
20,20,35,2538.0
20,21,34,2479.0
20,22,33,2430.0
20,23,32,2609.0
20,24,31,2486.0
20,25,30,2506.0
20,26,29,2656.0
20,27,28,2739.0
20,28,27,2590.0
20,29,26,2875.0
20,30,25,2778.0
20,31,24,2728.0
20,32,23,2773.0
20,33,22,2842.0
20,34,21,2873.0
20,35,20,2927.0
20,36,19,2923.0
20,37,18,3019.0
20,38,17,3037.0
20,39,16,3011.0
20,40,15,3122.0
20,41,14,3061.0
20,42,13,3199.0
20,43,12,3125.0
20,44,11,3235.0
20,45,10,3253.0
20,46,9,3232.0
20,47,8,3273.0
20,48,7,3285.0
20,49,6,3373.0
20,50,5,3470.0
20,51,4,3589.0
20,52,3,3532.0
20,53,2,3594.0
20,54,1,3657.0
21,1,53,2230.0
21,2,52,2385.0
21,3,51,2387.0
21,4,50,2344.0
21,5,49,2255.0
21,6,48,2482.0
21,7,47,2440.0
21,8,46,2263.0
21,9,45,2387.0
21,10,44,2235.0
21,11,43,2315.0
21,12,42,2272.0
21,13,41,2374.0
21,14,40,2338.0
21,15,39,2464.0
21,16,38,2350.0
21,17,37,2540.0
21,18,36,2494.0
21,19,35,2414.0
21,20,34,2527.0
21,21,33,2427.0
21,22,32,2599.0
21,23,31,2524.0
21,24,30,2573.0
21,25,29,2574.0
21,26,28,2833.0
21,27,27,2518.0
21,28,26,2682.0
21,29,25,2605.0
21,30,24,2775.0
21,31,23,2915.0
21,32,22,2813.0
21,33,21,2783.0
21,34,20,2874.0
21,35,19,3012.0
21,36,18,3012.0
21,37,17,2976.0
21,38,16,2980.0
21,39,15,2954.0
21,40,14,3160.0
21,41,13,2962.0
21,42,12,3169.0
21,43,11,3216.0
21,44,10,3190.0
21,45,9,3285.0
21,46,8,3311.0
21,47,7,3315.0
21,48,6,3317.0
21,49,5,3386.0
21,50,4,3499.0
21,51,3,3439.0
21,52,2,3549.0
21,53,1,3654.0
22,1,52,2439.0
22,2,51,2271.0
22,3,50,2377.0
22,4,49,2357.0
22,5,48,2275.0
22,6,47,2309.0
22,7,46,2395.0
22,8,45,2265.0
22,9,44,2335.0
22,10,43,2385.0
22,11,42,2360.0
22,12,41,2439.0
22,13,40,2261.0
22,14,39,2252.0
22,15,38,2319.0
22,16,37,2360.0
22,17,36,2340.0
22,18,35,2279.0
22,19,34,2486.0
22,20,33,2380.0
22,21,32,2587.0
22,22,31,2588.0
22,23,30,2575.0
22,24,29,2657.0
22,25,28,2557.0
22,26,27,2541.0
22,27,26,2805.0
22,28,25,2622.0
22,29,24,2668.0
22,30,23,2773.0
22,31,22,2692.0
22,32,21,2799.0
22,33,20,2869.0
22,34,19,2915.0
22,35,18,2860.0
22,36,17,2964.0
22,37,16,2959.0
22,38,15,3037.0
22,39,14,3053.0
22,40,13,3113.0
22,41,12,3196.0
22,42,11,3117.0
22,43,10,3224.0
22,44,9,3361.0
22,45,8,3193.0
22,46,7,3155.0
22,47,6,3289.0
22,48,5,3418.0
22,49,4,3513.0
22,50,3,3429.0
22,51,2,3530.0
22,52,1,3459.0
23,1,51,2308.0
23,2,50,2146.0
23,3,49,2315.0
23,4,48,2318.0
23,5,47,2335.0
23,6,46,2330.0
23,7,45,2417.0
23,8,44,2274.0
23,9,43,2338.0
23,10,42,2436.0
23,11,41,2323.0
23,12,40,2342.0
23,13,39,2311.0
23,14,38,2526.0
23,15,37,2319.0
23,16,36,2394.0
23,17,35,2424.0
23,18,34,2408.0
23,19,33,2524.0
23,20,32,2623.0
23,21,31,2465.0
23,22,30,2482.0
23,23,29,2590.0
23,24,28,2518.0
23,25,27,2456.0
23,26,26,2705.0
23,27,25,2627.0
23,28,24,2651.0
23,29,23,2842.0
23,30,22,2674.0
23,31,21,2771.0
23,32,20,2740.0
23,33,19,2835.0
23,34,18,2795.0
23,35,17,2935.0
23,36,16,2762.0
23,37,15,3005.0
23,38,14,3007.0
23,39,13,3043.0
23,40,12,3154.0
23,41,11,3123.0
23,42,10,3081.0
23,43,9,3152.0
23,44,8,3251.0
23,45,7,3189.0
23,46,6,3443.0
23,47,5,3333.0
23,48,4,3276.0
23,49,3,3418.0
23,50,2,3430.0
23,51,1,3350.0
24,1,50,2271.0
24,2,49,2330.0
24,3,48,2322.0
24,4,47,2332.0
24,5,46,2253.0
24,6,45,2387.0
24,7,44,2468.0
24,8,43,2342.0
24,9,42,2276.0
24,10,41,2335.0
24,11,40,2144.0
24,12,39,2363.0
24,13,38,2346.0
24,14,37,2399.0
24,15,36,2366.0
24,16,35,2356.0
24,17,34,2400.0
24,18,33,2411.0
24,19,32,2507.0
24,20,31,2416.0
24,21,30,2704.0
24,22,29,2588.0
24,23,28,2552.0
24,24,27,2547.0
24,25,26,2540.0
24,26,25,2587.0
24,27,24,2646.0
24,28,23,2702.0
24,29,22,2600.0
24,30,21,2831.0
24,31,20,2624.0
24,32,19,2846.0
24,33,18,2817.0
24,34,17,2948.0
24,35,16,2896.0
24,36,15,2940.0
24,37,14,2914.0
24,38,13,2918.0
24,39,12,3070.0
24,40,11,2912.0
24,41,10,3112.0
24,42,9,3105.0
24,43,8,3201.0
24,44,7,3277.0
24,45,6,3299.0
24,46,5,3231.0
24,47,4,3320.0
24,48,3,3477.0
24,49,2,3283.0
24,50,1,3441.0
25,1,49,2365.0
25,2,48,2348.0
25,3,47,2234.0
25,4,46,2410.0
25,5,45,2170.0
25,6,44,2340.0
25,7,43,2288.0
25,8,42,2380.0
25,9,41,2421.0
25,10,40,2292.0
25,11,39,2414.0
25,12,38,2327.0
25,13,37,2257.0
25,14,36,2503.0
25,15,35,2466.0
25,16,34,2386.0
25,17,33,2369.0
25,18,32,2508.0
25,19,31,2323.0
25,20,30,2445.0
25,21,29,2371.0
25,22,28,2491.0
25,23,27,2660.0
25,24,26,2700.0
25,25,25,2752.0
25,26,24,2605.0
25,27,23,2711.0
25,28,22,2711.0
25,29,21,2601.0
25,30,20,2749.0
25,31,19,2797.0
25,32,18,2755.0
25,33,17,2805.0
25,34,16,2897.0
25,35,15,3036.0
25,36,14,2969.0
25,37,13,2961.0
25,38,12,2989.0
25,39,11,3101.0
25,40,10,3071.0
25,41,9,3057.0
25,42,8,3260.0
25,43,7,3304.0
25,44,6,3221.0
25,45,5,3316.0
25,46,4,3275.0
25,47,3,3349.0
25,48,2,3193.0
25,49,1,3579.0
26,1,48,2207.0
26,2,47,2301.0
26,3,46,2330.0
26,4,45,2338.0
26,5,44,2384.0
26,6,43,2229.0
26,7,42,2464.0
26,8,41,2304.0
26,9,40,2202.0
26,10,39,2231.0
26,11,38,2348.0
26,12,37,2346.0
26,13,36,2459.0
26,14,35,2320.0
26,15,34,2397.0
26,16,33,2284.0
26,17,32,2333.0
26,18,31,2254.0
26,19,30,2482.0
26,20,29,2391.0
26,21,28,2522.0
26,22,27,2405.0
26,23,26,2503.0
26,24,25,2511.0
26,25,24,2553.0
26,26,23,2564.0
26,27,22,2617.0
26,28,21,2593.0
26,29,20,2698.0
26,30,19,2809.0
26,31,18,2716.0
26,32,17,2864.0
26,33,16,2915.0
26,34,15,3032.0
26,35,14,2866.0
26,36,13,2865.0
26,37,12,3120.0
26,38,11,3051.0
26,39,10,3003.0
26,40,9,2909.0
26,41,8,3192.0
26,42,7,3170.0
26,43,6,3073.0
26,44,5,3215.0
26,45,4,3265.0
26,46,3,3239.0
26,47,2,3301.0
26,48,1,3299.0
27,1,47,2250.0
27,2,46,2384.0
27,3,45,2216.0
27,4,44,2211.0
27,5,43,2166.0
27,6,42,2311.0
27,7,41,2236.0
27,8,40,2264.0
27,9,39,2364.0
27,10,38,2329.0
27,11,37,2401.0
27,12,36,2470.0
27,13,35,2284.0
27,14,34,2320.0
27,15,33,2306.0
27,16,32,2534.0
27,17,31,2345.0
27,18,30,2494.0
27,19,29,2474.0
27,20,28,2387.0
27,21,27,2416.0
27,22,26,2508.0
27,23,25,2538.0
27,24,24,2512.0
27,25,23,2592.0
27,26,22,2566.0
27,27,21,2748.0
27,28,20,2522.0
27,29,19,2679.0
27,30,18,2619.0
27,31,17,2691.0
27,32,16,2823.0
27,33,15,2789.0
27,34,14,2741.0
27,35,13,2906.0
27,36,12,2965.0
27,37,11,3006.0
27,38,10,3083.0
27,39,9,3126.0
27,40,8,3090.0
27,41,7,3151.0
27,42,6,3182.0
27,43,5,3307.0
27,44,4,3254.0
27,45,3,3287.0
27,46,2,3253.0
27,47,1,3388.0
28,1,46,2366.0
28,2,45,2278.0
28,3,44,2236.0
28,4,43,2380.0
28,5,42,2230.0
28,6,41,2314.0
28,7,40,2375.0
28,8,39,2172.0
28,9,38,2448.0
28,10,37,2300.0
28,11,36,2299.0
28,12,35,2388.0
28,13,34,2341.0
28,14,33,2394.0
28,15,32,2386.0
28,16,31,2467.0
28,17,30,2394.0
28,18,29,2330.0
28,19,28,2356.0
28,20,27,2502.0
28,21,26,2475.0
28,22,25,2460.0
28,23,24,2557.0
28,24,23,2620.0
28,25,22,2512.0
28,26,21,2692.0
28,27,20,2565.0
28,28,19,2592.0
28,29,18,2733.0
28,30,17,2799.0
28,31,16,2801.0
28,32,15,2931.0
28,33,14,2900.0
28,34,13,2703.0
28,35,12,2933.0
28,36,11,2826.0
28,37,10,2913.0
28,38,9,3035.0
28,39,8,2976.0
28,40,7,3151.0
28,41,6,3099.0
28,42,5,3165.0
28,43,4,3079.0
28,44,3,3199.0
28,45,2,3227.0
28,46,1,3415.0
29,1,45,2458.0
29,2,44,2231.0
29,3,43,2366.0
29,4,42,2351.0
29,5,41,2243.0
29,6,40,2195.0
29,7,39,2305.0
29,8,38,2277.0
29,9,37,2273.0
29,10,36,2338.0
29,11,35,2179.0
29,12,34,2330.0
29,13,33,2389.0
29,14,32,2388.0
29,15,31,2379.0
29,16,30,2484.0
29,17,29,2479.0
29,18,28,2314.0
29,19,27,2323.0
29,20,26,2370.0
29,21,25,2492.0
29,22,24,2460.0
29,23,23,2413.0
29,24,22,2656.0
29,25,21,2683.0
29,26,20,2697.0
29,27,19,2676.0
29,28,18,2658.0
29,29,17,2596.0
29,30,16,2929.0
29,31,15,2859.0
29,32,14,2911.0
29,33,13,3024.0
29,34,12,3047.0
29,35,11,2820.0
29,36,10,2899.0
29,37,9,3015.0
29,38,8,3030.0
29,39,7,3064.0
29,40,6,3063.0
29,41,5,3147.0
29,42,4,3105.0
29,43,3,3146.0
29,44,2,3275.0
29,45,1,3337.0
30,1,44,2328.0
30,2,43,2359.0
30,3,42,2386.0
30,4,41,2346.0
30,5,40,2338.0
30,6,39,2301.0
30,7,38,2418.0
30,8,37,2311.0
30,9,36,2236.0
30,10,35,2389.0
30,11,34,2420.0
30,12,33,2240.0
30,13,32,2327.0
30,14,31,2379.0
30,15,30,2551.0
30,16,29,2357.0
30,17,28,2443.0
30,18,27,2480.0
30,19,26,2414.0
30,20,25,2369.0
30,21,24,2468.0
30,22,23,2556.0
30,23,22,2546.0
30,24,21,2664.0
30,25,20,2555.0
30,26,19,2703.0
30,27,18,2794.0
30,28,17,2753.0
30,29,16,2696.0
30,30,15,2689.0
30,31,14,2733.0
30,32,13,2811.0
30,33,12,2937.0
30,34,11,2952.0
30,35,10,2962.0
30,36,9,2886.0
30,37,8,3039.0
30,38,7,2990.0
30,39,6,3279.0
30,40,5,3068.0
30,41,4,3181.0
30,42,3,3199.0
30,43,2,3236.0
30,44,1,3242.0
31,1,43,2219.0
31,2,42,2268.0
31,3,41,2399.0
31,4,40,2327.0
31,5,39,2254.0
31,6,38,2378.0
31,7,37,2320.0
31,8,36,2344.0
31,9,35,2309.0
31,10,34,2319.0
31,11,33,2280.0
31,12,32,2285.0
31,13,31,2367.0
31,14,30,2398.0
31,15,29,2329.0
31,16,28,2562.0
31,17,27,2430.0
31,18,26,2447.0
31,19,25,2520.0
31,20,24,2521.0
31,21,23,2532.0
31,22,22,2517.0
31,23,21,2545.0
31,24,20,2606.0
31,25,19,2609.0
31,26,18,2606.0
31,27,17,2665.0
31,28,16,2657.0
31,29,15,2666.0
31,30,14,2720.0
31,31,13,2850.0
31,32,12,2794.0
31,33,11,2862.0
31,34,10,2904.0
31,35,9,2841.0
31,36,8,2913.0
31,37,7,2942.0
31,38,6,3020.0
31,39,5,2958.0
31,40,4,3030.0
31,41,3,3066.0
31,42,2,3140.0
31,43,1,3164.0
32,1,42,2309.0
32,2,41,2295.0
32,3,40,2285.0
32,4,39,2183.0
32,5,38,2268.0
32,6,37,2202.0
32,7,36,2280.0
32,8,35,2203.0
32,9,34,2308.0
32,10,33,2276.0
32,11,32,2263.0
32,12,31,2276.0
32,13,30,2351.0
32,14,29,2335.0
32,15,28,2373.0
32,16,27,2421.0
32,17,26,2455.0
32,18,25,2426.0
32,19,24,2290.0
32,20,23,2537.0
32,21,22,2428.0
32,22,21,2608.0
32,23,20,2525.0
32,24,19,2439.0
32,25,18,2564.0
32,26,17,2684.0
32,27,16,2546.0
32,28,15,2845.0
32,29,14,2592.0
32,30,13,2804.0
32,31,12,2799.0
32,32,11,2756.0
32,33,10,2958.0
32,34,9,3069.0
32,35,8,2937.0
32,36,7,2985.0
32,37,6,2992.0
32,38,5,3208.0
32,39,4,3081.0
32,40,3,3143.0
32,41,2,3203.0
32,42,1,3174.0
33,1,41,2364.0
33,2,40,2181.0
33,3,39,2369.0
33,4,38,2417.0
33,5,37,2280.0
33,6,36,2374.0
33,7,35,2389.0
33,8,34,2473.0
33,9,33,2300.0
33,10,32,2392.0
33,11,31,2312.0
33,12,30,2282.0
33,13,29,2341.0
33,14,28,2404.0
33,15,27,2396.0
33,16,26,2449.0
33,17,25,2585.0
33,18,24,2391.0
33,19,23,2589.0
33,20,22,2417.0
33,21,21,2373.0
33,22,20,2442.0
33,23,19,2579.0
33,24,18,2595.0
33,25,17,2624.0
33,26,16,2637.0
33,27,15,2635.0
33,28,14,2721.0
33,29,13,2867.0
33,30,12,2811.0
33,31,11,2813.0
33,32,10,2944.0
33,33,9,2996.0
33,34,8,2798.0
33,35,7,2977.0
33,36,6,2959.0
33,37,5,2937.0
33,38,4,2994.0
33,39,3,3166.0
33,40,2,3149.0
33,41,1,3115.0
34,1,40,2255.0
34,2,39,2299.0
34,3,38,2236.0
34,4,37,2376.0
34,5,36,2279.0
34,6,35,2403.0
34,7,34,2243.0
34,8,33,2313.0
34,9,32,2288.0
34,10,31,2202.0
34,11,30,2403.0
34,12,29,2336.0
34,13,28,2548.0
34,14,27,2554.0
34,15,26,2354.0
34,16,25,2372.0
34,17,24,2434.0
34,18,23,2395.0
34,19,22,2512.0
34,20,21,2501.0
34,21,20,2574.0
34,22,19,2373.0
34,23,18,2400.0
34,24,17,2496.0
34,25,16,2772.0
34,26,15,2648.0
34,27,14,2689.0
34,28,13,2724.0
34,29,12,2752.0
34,30,11,2747.0
34,31,10,2906.0
34,32,9,2898.0
34,33,8,2836.0
34,34,7,2948.0
34,35,6,2902.0
34,36,5,2998.0
34,37,4,2984.0
34,38,3,3114.0
34,39,2,3189.0
34,40,1,3120.0
35,1,39,2235.0
35,2,38,2297.0
35,3,37,2335.0
35,4,36,2251.0
35,5,35,2295.0
35,6,34,2311.0
35,7,33,2362.0
35,8,32,2325.0
35,9,31,2480.0
35,10,30,2242.0
35,11,29,2358.0
35,12,28,2493.0
35,13,27,2438.0
35,14,26,2497.0
35,15,25,2317.0
35,16,24,2452.0
35,17,23,2630.0
35,18,22,2530.0
35,19,21,2530.0
35,20,20,2510.0
35,21,19,2428.0
35,22,18,2565.0
35,23,17,2613.0
35,24,16,2562.0
35,25,15,2453.0
35,26,14,2654.0
35,27,13,2651.0
35,28,12,2766.0
35,29,11,2788.0
35,30,10,2705.0
35,31,9,2816.0
35,32,8,2728.0
35,33,7,2936.0
35,34,6,2891.0
35,35,5,2962.0
35,36,4,2818.0
35,37,3,2934.0
35,38,2,3121.0
35,39,1,3068.0
36,1,38,2198.0
36,2,37,2234.0
36,3,36,2360.0
36,4,35,2186.0
36,5,34,2306.0
36,6,33,2417.0
36,7,32,2343.0
36,8,31,2368.0
36,9,30,2308.0
36,10,29,2476.0
36,11,28,2336.0
36,12,27,2432.0
36,13,26,2383.0
36,14,25,2387.0
36,15,24,2448.0
36,16,23,2359.0
36,17,22,2268.0
36,18,21,2389.0
36,19,20,2370.0
36,20,19,2569.0
36,21,18,2553.0
36,22,17,2535.0
36,23,16,2573.0
36,24,15,2534.0
36,25,14,2542.0
36,26,13,2490.0
36,27,12,2646.0
36,28,11,2692.0
36,29,10,2669.0
36,30,9,2733.0
36,31,8,2846.0
36,32,7,2964.0
36,33,6,2920.0
36,34,5,2937.0
36,35,4,2836.0
36,36,3,2993.0
36,37,2,3145.0
36,38,1,3188.0
37,1,37,2207.0
37,2,36,2252.0
37,3,35,2290.0
37,4,34,2334.0
37,5,33,2393.0
37,6,32,2379.0
37,7,31,2429.0
37,8,30,2256.0
37,9,29,2362.0
37,10,28,2491.0
37,11,27,2454.0
37,12,26,2393.0
37,13,25,2358.0
37,14,24,2404.0
37,15,23,2370.0
37,16,22,2393.0
37,17,21,2562.0
37,18,20,2393.0
37,19,19,2298.0
37,20,18,2587.0
37,21,17,2505.0
37,22,16,2611.0
37,23,15,2615.0
37,24,14,2568.0
37,25,13,2634.0
37,26,12,2655.0
37,27,11,2637.0
37,28,10,2818.0
37,29,9,2714.0
37,30,8,2858.0
37,31,7,2834.0
37,32,6,2772.0
37,33,5,2812.0
37,34,4,2866.0
37,35,3,2948.0
37,36,2,3042.0
37,37,1,3137.0
38,1,36,2353.0
38,2,35,2343.0
38,3,34,2406.0
38,4,33,2395.0
38,5,32,2282.0
38,6,31,2250.0
38,7,30,2352.0
38,8,29,2227.0
38,9,28,2348.0
38,10,27,2357.0
38,11,26,2371.0
38,12,25,2339.0
38,13,24,2219.0
38,14,23,2370.0
38,15,22,2358.0
38,16,21,2617.0
38,17,20,2508.0
38,18,19,2377.0
38,19,18,2536.0
38,20,17,2533.0
38,21,16,2474.0
38,22,15,2625.0
38,23,14,2599.0
38,24,13,2534.0
38,25,12,2457.0
38,26,11,2534.0
38,27,10,2605.0
38,28,9,2741.0
38,29,8,2791.0
38,30,7,2818.0
38,31,6,2909.0
38,32,5,2887.0
38,33,4,2852.0
38,34,3,2949.0
38,35,2,2888.0
38,36,1,2951.0
39,1,35,2154.0
39,2,34,2497.0
39,3,33,2442.0
39,4,32,2348.0
39,5,31,2396.0
39,6,30,2394.0
39,7,29,2336.0
39,8,28,2451.0
39,9,27,2392.0
39,10,26,2370.0
39,11,25,2409.0
39,12,24,2436.0
39,13,23,2434.0
39,14,22,2461.0
39,15,21,2335.0
39,16,20,2571.0
39,17,19,2450.0
39,18,18,2349.0
39,19,17,2426.0
39,20,16,2599.0
39,21,15,2506.0
39,22,14,2541.0
39,23,13,2472.0
39,24,12,2629.0
39,25,11,2380.0
39,26,10,2590.0
39,27,9,2740.0
39,28,8,2735.0
39,29,7,2780.0
39,30,6,2657.0
39,31,5,2850.0
39,32,4,2960.0
39,33,3,2866.0
39,34,2,2989.0
39,35,1,2863.0
40,1,34,2182.0
40,2,33,2229.0
40,3,32,2285.0
40,4,31,2295.0
40,5,30,2232.0
40,6,29,2338.0
40,7,28,2333.0
40,8,27,2340.0
40,9,26,2387.0
40,10,25,2349.0
40,11,24,2452.0
40,12,23,2461.0
40,13,22,2369.0
40,14,21,2464.0
40,15,20,2427.0
40,16,19,2395.0
40,17,18,2518.0
40,18,17,2518.0
40,19,16,2569.0
40,20,15,2461.0
40,21,14,2540.0
40,22,13,2635.0
40,23,12,2536.0
40,24,11,2681.0
40,25,10,2685.0
40,26,9,2624.0
40,27,8,2655.0
40,28,7,2841.0
40,29,6,2717.0
40,30,5,2892.0
40,31,4,2793.0
40,32,3,2897.0
40,33,2,2888.0
40,34,1,2992.0
41,1,33,2204.0
41,2,32,2314.0
41,3,31,2292.0
41,4,30,2353.0
41,5,29,2265.0
41,6,28,2297.0
41,7,27,2357.0
41,8,26,2483.0
41,9,25,2314.0
41,10,24,2420.0
41,11,23,2329.0
41,12,22,2401.0
41,13,21,2529.0
41,14,20,2441.0
41,15,19,2496.0
41,16,18,2440.0
41,17,17,2547.0
41,18,16,2569.0
41,19,15,2457.0
41,20,14,2543.0
41,21,13,2510.0
41,22,12,2618.0
41,23,11,2542.0
41,24,10,2505.0
41,25,9,2699.0
41,26,8,2655.0
41,27,7,2653.0
41,28,6,2713.0
41,29,5,2676.0
41,30,4,2886.0
41,31,3,2840.0
41,32,2,2778.0
41,33,1,2960.0
42,1,32,2360.0
42,2,31,2185.0
42,3,30,2270.0
42,4,29,2186.0
42,5,28,2411.0
42,6,27,2199.0
42,7,26,2295.0
42,8,25,2470.0
42,9,24,2368.0
42,10,23,2379.0
42,11,22,2495.0
42,12,21,2462.0
42,13,20,2392.0
42,14,19,2387.0
42,15,18,2469.0
42,16,17,2460.0
42,17,16,2538.0
42,18,15,2559.0
42,19,14,2487.0
42,20,13,2438.0
42,21,12,2487.0
42,22,11,2649.0
42,23,10,2565.0
42,24,9,2633.0
42,25,8,2502.0
42,26,7,2623.0
42,27,6,2811.0
42,28,5,2711.0
42,29,4,2782.0
42,30,3,2806.0
42,31,2,2840.0
42,32,1,2896.0
43,1,31,2265.0
43,2,30,2359.0
43,3,29,2298.0
43,4,28,2326.0
43,5,27,2514.0
43,6,26,2281.0
43,7,25,2380.0
43,8,24,2255.0
43,9,23,2240.0
43,10,22,2418.0
43,11,21,2294.0
43,12,20,2283.0
43,13,19,2460.0
43,14,18,2528.0
43,15,17,2261.0
43,16,16,2541.0
43,17,15,2452.0
43,18,14,2590.0
43,19,13,2428.0
43,20,12,2627.0
43,21,11,2545.0
43,22,10,2602.0
43,23,9,2618.0
43,24,8,2637.0
43,25,7,2540.0
43,26,6,2648.0
43,27,5,2647.0
43,28,4,2754.0
43,29,3,2923.0
43,30,2,2713.0
43,31,1,2802.0
44,1,30,2308.0
44,2,29,2304.0
44,3,28,2114.0
44,4,27,2400.0
44,5,26,2230.0
44,6,25,2143.0
44,7,24,2614.0
44,8,23,2383.0
44,9,22,2330.0
44,10,21,2392.0
44,11,20,2340.0
44,12,19,2370.0
44,13,18,2250.0
44,14,17,2486.0
44,15,16,2437.0
44,16,15,2343.0
44,17,14,2454.0
44,18,13,2609.0
44,19,12,2537.0
44,20,11,2551.0
44,21,10,2605.0
44,22,9,2685.0
44,23,8,2643.0
44,24,7,2597.0
44,25,6,2740.0
44,26,5,2679.0
44,27,4,2706.0
44,28,3,2829.0
44,29,2,2839.0
44,30,1,2771.0
45,1,29,2341.0
45,2,28,2315.0
45,3,27,2402.0
45,4,26,2258.0
45,5,25,2418.0
45,6,24,2310.0
45,7,23,2341.0
45,8,22,2270.0
45,9,21,2311.0
45,10,20,2405.0
45,11,19,2278.0
45,12,18,2435.0
45,13,17,2405.0
45,14,16,2408.0
45,15,15,2467.0
45,16,14,2561.0
45,17,13,2521.0
45,18,12,2373.0
45,19,11,2537.0
45,20,10,2548.0
45,21,9,2521.0
45,22,8,2679.0
45,23,7,2506.0
45,24,6,2738.0
45,25,5,2809.0
45,26,4,2714.0
45,27,3,2756.0
45,28,2,2669.0
45,29,1,2737.0
46,1,28,2263.0
46,2,27,2344.0
46,3,26,2320.0
46,4,25,2289.0
46,5,24,2515.0
46,6,23,2299.0
46,7,22,2352.0
46,8,21,2428.0
46,9,20,2311.0
46,10,19,2373.0
46,11,18,2501.0
46,12,17,2479.0
46,13,16,2506.0
46,14,15,2465.0
46,15,14,2362.0
46,16,13,2545.0
46,17,12,2544.0
46,18,11,2524.0
46,19,10,2516.0
46,20,9,2577.0
46,21,8,2609.0
46,22,7,2688.0
46,23,6,2687.0
46,24,5,2603.0
46,25,4,2779.0
46,26,3,2781.0
46,27,2,2701.0
46,28,1,2763.0
47,1,27,2361.0
47,2,26,2354.0
47,3,25,2383.0
47,4,24,2563.0
47,5,23,2285.0
47,6,22,2391.0
47,7,21,2462.0
47,8,20,2205.0
47,9,19,2299.0
47,10,18,2585.0
47,11,17,2387.0
47,12,16,2357.0
47,13,15,2545.0
47,14,14,2518.0
47,15,13,2552.0
47,16,12,2488.0
47,17,11,2619.0
47,18,10,2494.0
47,19,9,2412.0
47,20,8,2502.0
47,21,7,2577.0
47,22,6,2574.0
47,23,5,2661.0
47,24,4,2791.0
47,25,3,2637.0
47,26,2,2634.0
47,27,1,2721.0
48,1,26,2471.0
48,2,25,2384.0
48,3,24,2320.0
48,4,23,2484.0
48,5,22,2180.0
48,6,21,2351.0
48,7,20,2393.0
48,8,19,2498.0
48,9,18,2180.0
48,10,17,2306.0
48,11,16,2443.0
48,12,15,2491.0
48,13,14,2594.0
48,14,13,2381.0
48,15,12,2636.0
48,16,11,2470.0
48,17,10,2447.0
48,18,9,2541.0
48,19,8,2569.0
48,20,7,2584.0
48,21,6,2528.0
48,22,5,2526.0
48,23,4,2597.0
48,24,3,2776.0
48,25,2,2756.0
48,26,1,2782.0
49,1,25,2384.0
49,2,24,2314.0
49,3,23,2411.0
49,4,22,2296.0
49,5,21,2508.0
49,6,20,2423.0
49,7,19,2443.0
49,8,18,2397.0
49,9,17,2458.0
49,10,16,2561.0
49,11,15,2333.0
49,12,14,2442.0
49,13,13,2479.0
49,14,12,2505.0
49,15,11,2611.0
49,16,10,2489.0
49,17,9,2732.0
49,18,8,2495.0
49,19,7,2621.0
49,20,6,2611.0
49,21,5,2618.0
49,22,4,2622.0
49,23,3,2685.0
49,24,2,2696.0
49,25,1,2668.0
50,1,24,2412.0
50,2,23,2356.0
50,3,22,2434.0
50,4,21,2342.0
50,5,20,2413.0
50,6,19,2523.0
50,7,18,2384.0
50,8,17,2303.0
50,9,16,2350.0
50,10,15,2474.0
50,11,14,2417.0
50,12,13,2352.0
50,13,12,2396.0
50,14,11,2376.0
50,15,10,2460.0
50,16,9,2533.0
50,17,8,2476.0
50,18,7,2558.0
50,19,6,2573.0
50,20,5,2550.0
50,21,4,2623.0
50,22,3,2757.0
50,23,2,2708.0
50,24,1,2765.0
51,1,23,2159.0
51,2,22,2597.0
51,3,21,2388.0
51,4,20,2236.0
51,5,19,2394.0
51,6,18,2387.0
51,7,17,2311.0
51,8,16,2526.0
51,9,15,2406.0
51,10,14,2446.0
51,11,13,2417.0
51,12,12,2516.0
51,13,11,2575.0
51,14,10,2455.0
51,15,9,2537.0
51,16,8,2473.0
51,17,7,2635.0
51,18,6,2582.0
51,19,5,2549.0
51,20,4,2676.0
51,21,3,2500.0
51,22,2,2624.0
51,23,1,2632.0
52,1,22,2446.0
52,2,21,2476.0
52,3,20,2347.0
52,4,19,2299.0
52,5,18,2351.0
52,6,17,2366.0
52,7,16,2403.0
52,8,15,2502.0
52,9,14,2296.0
52,10,13,2432.0
52,11,12,2372.0
52,12,11,2529.0
52,13,10,2495.0
52,14,9,2573.0
52,15,8,2328.0
52,16,7,2545.0
52,17,6,2585.0
52,18,5,2573.0
52,19,4,2638.0
52,20,3,2640.0
52,21,2,2610.0
52,22,1,2743.0
53,1,21,2402.0
53,2,20,2415.0
53,3,19,2468.0
53,4,18,2385.0
53,5,17,2374.0
53,6,16,2391.0
53,7,15,2296.0
53,8,14,2410.0
53,9,13,2391.0
53,10,12,2606.0
53,11,11,2293.0
53,12,10,2452.0
53,13,9,2479.0
53,14,8,2446.0
53,15,7,2481.0
53,16,6,2578.0
53,17,5,2520.0
53,18,4,2577.0
53,19,3,2492.0
53,20,2,2648.0
53,21,1,2703.0
54,1,20,2387.0
54,2,19,2470.0
54,3,18,2539.0
54,4,17,2471.0
54,5,16,2528.0
54,6,15,2476.0
54,7,14,2580.0
54,8,13,2457.0
54,9,12,2460.0
54,10,11,2533.0
54,11,10,2496.0
54,12,9,2510.0
54,13,8,2580.0
54,14,7,2485.0
54,15,6,2502.0
54,16,5,2581.0
54,17,4,2453.0
54,18,3,2668.0
54,19,2,2705.0
54,20,1,2670.0
55,1,19,2500.0
55,2,18,2390.0
55,3,17,2189.0
55,4,16,2398.0
55,5,15,2421.0
55,6,14,2550.0
55,7,13,2397.0
55,8,12,2422.0
55,9,11,2433.0
55,10,10,2621.0
55,11,9,2537.0
55,12,8,2391.0
55,13,7,2487.0
55,14,6,2388.0
55,15,5,2574.0
55,16,4,2634.0
55,17,3,2712.0
55,18,2,2537.0
55,19,1,2603.0
56,1,18,2379.0
56,2,17,2385.0
56,3,16,2376.0
56,4,15,2465.0
56,5,14,2575.0
56,6,13,2503.0
56,7,12,2505.0
56,8,11,2425.0
56,9,10,2439.0
56,10,9,2516.0
56,11,8,2461.0
56,12,7,2505.0
56,13,6,2512.0
56,14,5,2566.0
56,15,4,2647.0
56,16,3,2590.0
56,17,2,2672.0
56,18,1,2720.0
57,1,17,2271.0
57,2,16,2361.0
57,3,15,2335.0
57,4,14,2535.0
57,5,13,2345.0
57,6,12,2428.0
57,7,11,2606.0
57,8,10,2493.0
57,9,9,2530.0
57,10,8,2446.0
57,11,7,2538.0
57,12,6,2632.0
57,13,5,2437.0
57,14,4,2541.0
57,15,3,2661.0
57,16,2,2622.0
57,17,1,2571.0
58,1,16,2513.0
58,2,15,2506.0
58,3,14,2573.0
58,4,13,2415.0
58,5,12,2544.0
58,6,11,2398.0
58,7,10,2428.0
58,8,9,2466.0
58,9,8,2477.0
58,10,7,2464.0
58,11,6,2574.0
58,12,5,2629.0
58,13,4,2486.0
58,14,3,2580.0
58,15,2,2544.0
58,16,1,2669.0
59,1,15,2432.0
59,2,14,2398.0
59,3,13,2657.0
59,4,12,2575.0
59,5,11,2488.0
59,6,10,2354.0
59,7,9,2505.0
59,8,8,2613.0
59,9,7,2426.0
59,10,6,2456.0
59,11,5,2546.0
59,12,4,2466.0
59,13,3,2703.0
59,14,2,2558.0
59,15,1,2579.0
60,1,14,2387.0
60,2,13,2586.0
60,3,12,2476.0
60,4,11,2454.0
60,5,10,2639.0
60,6,9,2506.0
60,7,8,2511.0
60,8,7,2449.0
60,9,6,2522.0
60,10,5,2522.0
60,11,4,2569.0
60,12,3,2549.0
60,13,2,2612.0
60,14,1,2641.0
61,1,13,2509.0
61,2,12,2338.0
61,3,11,2530.0
61,4,10,2494.0
61,5,9,2536.0
61,6,8,2517.0
61,7,7,2412.0
61,8,6,2628.0
61,9,5,2482.0
61,10,4,2490.0
61,11,3,2576.0
61,12,2,2589.0
61,13,1,2593.0
62,1,12,2377.0
62,2,11,2467.0
62,3,10,2432.0
62,4,9,2553.0
62,5,8,2504.0
62,6,7,2548.0
62,7,6,2598.0
62,8,5,2576.0
62,9,4,2459.0
62,10,3,2575.0
62,11,2,2536.0
62,12,1,2483.0
63,1,11,2488.0
63,2,10,2413.0
63,3,9,2434.0
63,4,8,2450.0
63,5,7,2508.0
63,6,6,2416.0
63,7,5,2433.0
63,8,4,2578.0
63,9,3,2619.0
63,10,2,2568.0
63,11,1,2577.0
64,1,10,2356.0
64,2,9,2572.0
64,3,8,2541.0
64,4,7,2549.0
64,5,6,2618.0
64,6,5,2619.0
64,7,4,2550.0
64,8,3,2746.0
64,9,2,2551.0
64,10,1,2690.0
65,1,9,2424.0
65,2,8,2487.0
65,3,7,2620.0
65,4,6,2524.0
65,5,5,2583.0
65,6,4,2559.0
65,7,3,2570.0
65,8,2,2653.0
65,9,1,2535.0
66,1,8,2523.0
66,2,7,2545.0
66,3,6,2523.0
66,4,5,2517.0
66,5,4,2459.0
66,6,3,2462.0
66,7,2,2529.0
66,8,1,2636.0
67,1,7,2608.0
67,2,6,2412.0
67,3,5,2496.0
67,4,4,2529.0
67,5,3,2641.0
67,6,2,2498.0
67,7,1,2514.0
68,1,6,2628.0
68,2,5,2574.0
68,3,4,2548.0
68,4,3,2589.0
68,5,2,2505.0
68,6,1,2651.0
69,1,5,2553.0
69,2,4,2546.0
69,3,3,2599.0
69,4,2,2357.0
69,5,1,2450.0
70,1,4,2699.0
70,2,3,2637.0
70,3,2,2565.0
70,4,1,2654.0
71,1,3,2721.0
71,2,2,2569.0
71,3,1,2586.0
72,1,2,2562.0
72,2,1,2465.0
73,1,1,2722.0
1,1,73,2564.0
1,2,72,2611.0
1,3,71,2754.0
1,4,70,2578.0
1,5,69,2573.0
1,6,68,2426.0
1,7,67,2590.0
1,8,66,2576.0
1,9,65,2620.0
1,10,64,2565.0
1,11,63,2478.0
1,12,62,2421.0
1,13,61,2501.0
1,14,60,2483.0
1,15,59,2484.0
1,16,58,2668.0
1,17,57,2686.0
1,18,56,2615.0
1,19,55,2616.0
1,20,54,2517.0
1,21,53,2781.0
1,22,52,2701.0
1,23,51,2622.0
1,24,50,2597.0
1,25,49,2857.0
1,26,48,2756.0
1,27,47,2729.0
1,28,46,2770.0
1,29,45,2850.0
1,30,44,2806.0
1,31,43,2953.0
1,32,42,2919.0
1,33,41,2893.0
1,34,40,2898.0
1,35,39,2951.0
1,36,38,3051.0
1,37,37,3068.0
1,38,36,3181.0
1,39,35,3134.0
1,40,34,3151.0
1,41,33,3172.0
1,42,32,3280.0
1,43,31,3221.0
1,44,30,3243.0
1,45,29,3267.0
1,46,28,3413.0
1,47,27,3289.0
1,48,26,3497.0
1,49,25,3494.0
1,50,24,3588.0
1,51,23,3485.0
1,52,22,3557.0
1,53,21,3656.0
1,54,20,3698.0
1,55,19,3690.0
1,56,18,3797.0
1,57,17,3871.0
1,58,16,3779.0
1,59,15,3864.0
1,60,14,3826.0
1,61,13,3802.0
1,62,12,3803.0
1,63,11,4013.0
1,64,10,4075.0
1,65,9,4241.0
1,66,8,4177.0
1,67,7,4095.0
1,68,6,4216.0
1,69,5,4189.0
1,70,4,4259.0
1,71,3,4210.0
1,72,2,4280.0
1,73,1,4205.0
2,1,72,2566.0
2,2,71,2568.0
2,3,70,2535.0
2,4,69,2597.0
2,5,68,2560.0
2,6,67,2568.0
2,7,66,2613.0
2,8,65,2386.0
2,9,64,2507.0
2,10,63,2549.0
2,11,62,2521.0
2,12,61,2615.0
2,13,60,2549.0
2,14,59,2596.0
2,15,58,2598.0
2,16,57,2408.0
2,17,56,2403.0
2,18,55,2687.0
2,19,54,2549.0
2,20,53,2629.0
2,21,52,2505.0
2,22,51,2763.0
2,23,50,2570.0
2,24,49,2714.0
2,25,48,2678.0
2,26,47,2717.0
2,27,46,2672.0
2,28,45,2898.0
2,29,44,2763.0
2,30,43,2843.0
2,31,42,2944.0
2,32,41,2781.0
2,33,40,2921.0
2,34,39,3050.0
2,35,38,3025.0
2,36,37,3043.0
2,37,36,3119.0
2,38,35,3075.0
2,39,34,3060.0
2,40,33,3137.0
2,41,32,3187.0
2,42,31,3115.0
2,43,30,3265.0
2,44,29,3374.0
2,45,28,3414.0
2,46,27,3397.0
2,47,26,3526.0
2,48,25,3571.0
2,49,24,3486.0
2,50,23,3522.0
2,51,22,3560.0
2,52,21,3541.0
2,53,20,3576.0
2,54,19,3657.0
2,55,18,3668.0
2,56,17,3729.0
2,57,16,3777.0
2,58,15,3836.0
2,59,14,3847.0
2,60,13,3866.0
2,61,12,3895.0
2,62,11,3924.0
2,63,10,4016.0
2,64,9,4084.0
2,65,8,4113.0
2,66,7,4065.0
2,67,6,4103.0
2,68,5,4137.0
2,69,4,4291.0
2,70,3,4249.0
2,71,2,4218.0
2,72,1,4337.0
3,1,71,2647.0
3,2,70,2506.0
3,3,69,2556.0
3,4,68,2515.0
3,5,67,2519.0
3,6,66,2383.0
3,7,65,2470.0
3,8,64,2409.0
3,9,63,2448.0
3,10,62,2477.0
3,11,61,2326.0
3,12,60,2485.0
3,13,59,2598.0
3,14,58,2511.0
3,15,57,2519.0
3,16,56,2392.0
3,17,55,2604.0
3,18,54,2517.0
3,19,53,2518.0
3,20,52,2536.0
3,21,51,2658.0
3,22,50,2695.0
3,23,49,2545.0
3,24,48,2711.0
3,25,47,2728.0
3,26,46,2583.0
3,27,45,2733.0
3,28,44,2701.0
3,29,43,2780.0
3,30,42,2755.0
3,31,41,2886.0
3,32,40,2923.0
3,33,39,2792.0
3,34,38,2868.0
3,35,37,3055.0
3,36,36,3016.0
3,37,35,3221.0
3,38,34,3018.0
3,39,33,3168.0
3,40,32,3003.0
3,41,31,3180.0
3,42,30,3324.0
3,43,29,3405.0
3,44,28,3217.0
3,45,27,3260.0
3,46,26,3309.0
3,47,25,3338.0
3,48,24,3387.0
3,49,23,3418.0
3,50,22,3444.0
3,51,21,3419.0
3,52,20,3539.0
3,53,19,3696.0
3,54,18,3683.0
3,55,17,3761.0
3,56,16,3624.0
3,57,15,3806.0
3,58,14,3749.0
3,59,13,3730.0
3,60,12,3914.0
3,61,11,3758.0
3,62,10,4125.0
3,63,9,3960.0
3,64,8,4040.0
3,65,7,4089.0
3,66,6,4059.0
3,67,5,4186.0
3,68,4,4257.0
3,69,3,4147.0
3,70,2,4180.0
3,71,1,4114.0
4,1,70,2719.0
4,2,69,2538.0
4,3,68,2482.0
4,4,67,2555.0
4,5,66,2570.0
4,6,65,2512.0
4,7,64,2568.0
4,8,63,2439.0
4,9,62,2477.0
4,10,61,2446.0
4,11,60,2386.0
4,12,59,2412.0
4,13,58,2387.0
4,14,57,2408.0
4,15,56,2461.0
4,16,55,2411.0
4,17,54,2447.0
4,18,53,2523.0
4,19,52,2444.0
4,20,51,2606.0
4,21,50,2658.0
4,22,49,2587.0
4,23,48,2623.0
4,24,47,2601.0
4,25,46,2742.0
4,26,45,2840.0
4,27,44,2786.0
4,28,43,2767.0
4,29,42,2764.0
4,30,41,2900.0
4,31,40,2831.0
4,32,39,2960.0
4,33,38,2903.0
4,34,37,2875.0
4,35,36,2896.0
4,36,35,2941.0
4,37,34,3027.0
4,38,33,3125.0
4,39,32,3123.0
4,40,31,3139.0
4,41,30,3168.0
4,42,29,3190.0
4,43,28,3282.0
4,44,27,3302.0
4,45,26,3237.0
4,46,25,3275.0
4,47,24,3388.0
4,48,23,3429.0
4,49,22,3392.0
4,50,21,3491.0
4,51,20,3542.0
4,52,19,3527.0
4,53,18,3612.0
4,54,17,3566.0
4,55,16,3637.0
4,56,15,3645.0
4,57,14,3834.0
4,58,13,3719.0
4,59,12,3793.0
4,60,11,3778.0
4,61,10,3990.0
4,62,9,3916.0
4,63,8,3864.0
4,64,7,3835.0
4,65,6,3891.0
4,66,5,4043.0
4,67,4,4135.0
4,68,3,4104.0
4,69,2,4075.0
4,70,1,4296.0
5,1,69,2515.0
5,2,68,2554.0
5,3,67,2460.0
5,4,66,2549.0
5,5,65,2441.0
5,6,64,2570.0
5,7,63,2390.0
5,8,62,2510.0
5,9,61,2522.0
5,10,60,2323.0
5,11,59,2450.0
5,12,58,2463.0
5,13,57,2445.0
5,14,56,2448.0
5,15,55,2526.0
5,16,54,2412.0
5,17,53,2592.0
5,18,52,2617.0
5,19,51,2576.0
5,20,50,2446.0
5,21,49,2741.0
5,22,48,2636.0
5,23,47,2729.0
5,24,46,2646.0
5,25,45,2694.0
5,26,44,2685.0
5,27,43,2598.0
5,28,42,2859.0
5,29,41,2756.0
5,30,40,2793.0
5,31,39,2826.0
5,32,38,2924.0
5,33,37,2862.0
5,34,36,2946.0
5,35,35,2981.0
5,36,34,3134.0
5,37,33,2925.0
5,38,32,3112.0
5,39,31,2983.0
5,40,30,3119.0
5,41,29,3142.0
5,42,28,3181.0
5,43,27,3207.0
5,44,26,3314.0
5,45,25,3260.0
5,46,24,3348.0
5,47,23,3291.0
5,48,22,3296.0
5,49,21,3389.0
5,50,20,3568.0
5,51,19,3504.0
5,52,18,3617.0
5,53,17,3638.0
5,54,16,3701.0
5,55,15,3646.0
5,56,14,3729.0
5,57,13,3688.0
5,58,12,3769.0
5,59,11,3961.0
5,60,10,3843.0
5,61,9,3750.0
5,62,8,3962.0
5,63,7,3963.0
5,64,6,3994.0
5,65,5,3989.0
5,66,4,4025.0
5,67,3,4052.0
5,68,2,4050.0
5,69,1,4208.0
6,1,68,2593.0
6,2,67,2455.0
6,3,66,2545.0
6,4,65,2488.0
6,5,64,2703.0
6,6,63,2425.0
6,7,62,2556.0
6,8,61,2466.0
6,9,60,2412.0
6,10,59,2426.0
6,11,58,2502.0
6,12,57,2362.0
6,13,56,2460.0
6,14,55,2461.0
6,15,54,2555.0
6,16,53,2472.0
6,17,52,2548.0
6,18,51,2508.0
6,19,50,2578.0
6,20,49,2509.0
6,21,48,2579.0
6,22,47,2668.0
6,23,46,2619.0
6,24,45,2715.0
6,25,44,2583.0
6,26,43,2804.0
6,27,42,2665.0
6,28,41,2899.0
6,29,40,2851.0
6,30,39,2646.0
6,31,38,2961.0
6,32,37,2882.0
6,33,36,2976.0
6,34,35,2944.0
6,35,34,3072.0
6,36,33,2864.0
6,37,32,3151.0
6,38,31,3046.0
6,39,30,3092.0
6,40,29,3066.0
6,41,28,3169.0
6,42,27,3216.0
6,43,26,3183.0
6,44,25,3336.0
6,45,24,3217.0
6,46,23,3370.0
6,47,22,3398.0
6,48,21,3349.0
6,49,20,3368.0
6,50,19,3451.0
6,51,18,3440.0
6,52,17,3516.0
6,53,16,3517.0
6,54,15,3641.0
6,55,14,3605.0
6,56,13,3769.0
6,57,12,3700.0
6,58,11,3746.0
6,59,10,3666.0
6,60,9,3820.0
6,61,8,3856.0
6,62,7,3876.0
6,63,6,3963.0
6,64,5,4070.0
6,65,4,4051.0
6,66,3,3994.0
6,67,2,4044.0
6,68,1,4052.0
7,1,67,2390.0
7,2,66,2527.0
7,3,65,2364.0
7,4,64,2431.0
7,5,63,2452.0
7,6,62,2494.0
7,7,61,2452.0
7,8,60,2469.0
7,9,59,2413.0
7,10,58,2424.0
7,11,57,2510.0
7,12,56,2245.0
7,13,55,2419.0
7,14,54,2386.0
7,15,53,2598.0
7,16,52,2422.0
7,17,51,2503.0
7,18,50,2569.0
7,19,49,2453.0
7,20,48,2591.0
7,21,47,2492.0
7,22,46,2558.0
7,23,45,2653.0
7,24,44,2709.0
7,25,43,2613.0
7,26,42,2573.0
7,27,41,2709.0
7,28,40,2809.0
7,29,39,2811.0
7,30,38,2809.0
7,31,37,2736.0
7,32,36,2903.0
7,33,35,2907.0
7,34,34,3016.0
7,35,33,2924.0
7,36,32,2967.0
7,37,31,3053.0
7,38,30,3054.0
7,39,29,3057.0
7,40,28,3193.0
7,41,27,3138.0
7,42,26,3085.0
7,43,25,3369.0
7,44,24,3284.0
7,45,23,3218.0
7,46,22,3424.0
7,47,21,3470.0
7,48,20,3429.0
7,49,19,3442.0
7,50,18,3382.0
7,51,17,3505.0
7,52,16,3565.0
7,53,15,3547.0
7,54,14,3624.0
7,55,13,3630.0
7,56,12,3797.0
7,57,11,3793.0
7,58,10,3779.0
7,59,9,3832.0
7,60,8,3889.0
7,61,7,3676.0
7,62,6,3850.0
7,63,5,3911.0
7,64,4,3967.0
7,65,3,4067.0
7,66,2,4068.0
7,67,1,4036.0
8,1,66,2476.0
8,2,65,2387.0
8,3,64,2484.0
8,4,63,2503.0
8,5,62,2445.0
8,6,61,2231.0
8,7,60,2409.0
8,8,59,2479.0
8,9,58,2420.0
8,10,57,2430.0
8,11,56,2444.0
8,12,55,2350.0
8,13,54,2411.0
8,14,53,2390.0
8,15,52,2469.0
8,16,51,2423.0
8,17,50,2347.0
8,18,49,2565.0
8,19,48,2415.0
8,20,47,2428.0
8,21,46,2545.0
8,22,45,2397.0
8,23,44,2626.0
8,24,43,2691.0
8,25,42,2743.0
8,26,41,2733.0
8,27,40,2633.0
8,28,39,2741.0
8,29,38,2672.0
8,30,37,2634.0
8,31,36,2780.0
8,32,35,2859.0
8,33,34,2830.0
8,34,33,2890.0
8,35,32,2799.0
8,36,31,2990.0
8,37,30,2971.0
8,38,29,3028.0
8,39,28,3131.0
8,40,27,3248.0
8,41,26,3201.0
8,42,25,3204.0
8,43,24,3247.0
8,44,23,3230.0
8,45,22,3281.0
8,46,21,3332.0
8,47,20,3422.0
8,48,19,3439.0
8,49,18,3441.0
8,50,17,3532.0
8,51,16,3609.0
8,52,15,3630.0
8,53,14,3626.0
8,54,13,3578.0
8,55,12,3697.0
8,56,11,3721.0
8,57,10,3778.0
8,58,9,3663.0
8,59,8,3927.0
8,60,7,3869.0
8,61,6,3829.0
8,62,5,3907.0
8,63,4,3915.0
8,64,3,3950.0
8,65,2,3980.0
8,66,1,3962.0
9,1,65,2506.0
9,2,64,2493.0
9,3,63,2395.0
9,4,62,2334.0
9,5,61,2437.0
9,6,60,2371.0
9,7,59,2477.0
9,8,58,2633.0
9,9,57,2330.0
9,10,56,2386.0
9,11,55,2411.0
9,12,54,2294.0
9,13,53,2339.0
9,14,52,2583.0
9,15,51,2389.0
9,16,50,2408.0
9,17,49,2458.0
9,18,48,2481.0
9,19,47,2455.0
9,20,46,2456.0
9,21,45,2493.0
9,22,44,2600.0
9,23,43,2768.0
9,24,42,2533.0
9,25,41,2664.0
9,26,40,2641.0
9,27,39,2538.0
9,28,38,2823.0
9,29,37,2728.0
9,30,36,2851.0
9,31,35,2827.0
9,32,34,2799.0
9,33,33,2730.0
9,34,32,2818.0
9,35,31,2992.0
9,36,30,2990.0
9,37,29,3103.0
9,38,28,3048.0
9,39,27,3120.0
9,40,26,3055.0
9,41,25,2969.0
9,42,24,3272.0
9,43,23,3266.0
9,44,22,3291.0
9,45,21,3272.0
9,46,20,3327.0
9,47,19,3456.0
9,48,18,3396.0
9,49,17,3514.0
9,50,16,3542.0
9,51,15,3477.0
9,52,14,3587.0
9,53,13,3572.0
9,54,12,3697.0
9,55,11,3563.0
9,56,10,3649.0
9,57,9,3601.0
9,58,8,3793.0
9,59,7,3904.0
9,60,6,3878.0
9,61,5,3786.0
9,62,4,3895.0
9,63,3,3851.0
9,64,2,3940.0
9,65,1,4098.0
10,1,64,2507.0
10,2,63,2526.0
10,3,62,2542.0
10,4,61,2441.0
10,5,60,2497.0
10,6,59,2487.0
10,7,58,2497.0
10,8,57,2380.0
10,9,56,2509.0
10,10,55,2468.0
10,11,54,2424.0
10,12,53,2305.0
10,13,52,2306.0
10,14,51,2514.0
10,15,50,2547.0
10,16,49,2423.0
10,17,48,2420.0
10,18,47,2384.0
10,19,46,2434.0
10,20,45,2590.0
10,21,44,2499.0
10,22,43,2521.0
10,23,42,2624.0
10,24,41,2624.0
10,25,40,2685.0
10,26,39,2650.0
10,27,38,2637.0
10,28,37,2685.0
10,29,36,2837.0
10,30,35,2760.0
10,31,34,2825.0
10,32,33,2759.0
10,33,32,2881.0
10,34,31,2859.0
10,35,30,2924.0
10,36,29,3002.0
10,37,28,2935.0
10,38,27,2990.0
10,39,26,3098.0
10,40,25,3168.0
10,41,24,3185.0
10,42,23,3011.0
10,43,22,3217.0
10,44,21,3184.0
10,45,20,3392.0
10,46,19,3379.0
10,47,18,3340.0
10,48,17,3377.0
10,49,16,3375.0
10,50,15,3468.0
10,51,14,3567.0
10,52,13,3666.0
10,53,12,3557.0
10,54,11,3549.0
10,55,10,3651.0
10,56,9,3706.0
10,57,8,3726.0
10,58,7,3792.0
10,59,6,3899.0
10,60,5,3805.0
10,61,4,3962.0
10,62,3,3870.0
10,63,2,4042.0
10,64,1,3974.0
11,1,63,2387.0
11,2,62,2447.0
11,3,61,2396.0
11,4,60,2304.0
11,5,59,2458.0
11,6,58,2389.0
11,7,57,2298.0
11,8,56,2505.0
11,9,55,2367.0
11,10,54,2478.0
11,11,53,2523.0
11,12,52,2342.0
11,13,51,2441.0
11,14,50,2557.0
11,15,49,2281.0
11,16,48,2557.0
11,17,47,2404.0
11,18,46,2328.0
11,19,45,2667.0
11,20,44,2541.0
11,21,43,2535.0
11,22,42,2529.0
11,23,41,2614.0
11,24,40,2598.0
11,25,39,2526.0
11,26,38,2707.0
11,27,37,2698.0
11,28,36,2634.0
11,29,35,2748.0
11,30,34,2827.0
11,31,33,2689.0
11,32,32,2827.0
11,33,31,2920.0
11,34,30,2794.0
11,35,29,2969.0
11,36,28,3042.0
11,37,27,3064.0
11,38,26,3135.0
11,39,25,2955.0
11,40,24,3053.0
11,41,23,3192.0
11,42,22,3141.0
11,43,21,3149.0
11,44,20,3230.0
11,45,19,3199.0
11,46,18,3263.0
11,47,17,3352.0
11,48,16,3420.0
11,49,15,3382.0
11,50,14,3402.0
11,51,13,3502.0
11,52,12,3520.0
11,53,11,3436.0
11,54,10,3711.0
11,55,9,3619.0
11,56,8,3765.0
11,57,7,3705.0
11,58,6,3717.0
11,59,5,3840.0
11,60,4,3803.0
11,61,3,3770.0
11,62,2,3761.0
11,63,1,3861.0
12,1,62,2429.0
12,2,61,2404.0
12,3,60,2424.0
12,4,59,2336.0
12,5,58,2410.0
12,6,57,2284.0
12,7,56,2462.0
12,8,55,2293.0
12,9,54,2311.0
12,10,53,2336.0
12,11,52,2351.0
12,12,51,2400.0
12,13,50,2410.0
12,14,49,2356.0
12,15,48,2385.0
12,16,47,2539.0
12,17,46,2309.0
12,18,45,2386.0
12,19,44,2416.0
12,20,43,2639.0
12,21,42,2459.0
12,22,41,2655.0
12,23,40,2708.0
12,24,39,2637.0
12,25,38,2562.0
12,26,37,2770.0
12,27,36,2766.0
12,28,35,2753.0
12,29,34,2751.0
12,30,33,2762.0
12,31,32,2794.0
12,32,31,2871.0
12,33,30,2906.0
12,34,29,2851.0
12,35,28,2892.0
12,36,27,2962.0
12,37,26,3126.0
12,38,25,2983.0
12,39,24,2943.0
12,40,23,3167.0
12,41,22,3061.0
12,42,21,3108.0
12,43,20,3111.0
12,44,19,3398.0
12,45,18,3260.0
12,46,17,3302.0
12,47,16,3341.0
12,48,15,3232.0
12,49,14,3437.0
12,50,13,3628.0
12,51,12,3482.0
12,52,11,3557.0
12,53,10,3634.0
12,54,9,3599.0
12,55,8,3597.0
12,56,7,3748.0
12,57,6,3771.0
12,58,5,3875.0
12,59,4,3705.0
12,60,3,3841.0
12,61,2,3918.0
12,62,1,3877.0
13,1,61,2362.0
13,2,60,2330.0
13,3,59,2518.0
13,4,58,2392.0
13,5,57,2392.0
13,6,56,2409.0
13,7,55,2356.0
13,8,54,2330.0
13,9,53,2327.0
13,10,52,2462.0
13,11,51,2471.0
13,12,50,2459.0
13,13,49,2363.0
13,14,48,2417.0
13,15,47,2313.0
13,16,46,2486.0
13,17,45,2370.0
13,18,44,2517.0
13,19,43,2510.0
13,20,42,2478.0
13,21,41,2554.0
13,22,40,2433.0
13,23,39,2506.0
13,24,38,2567.0
13,25,37,2641.0
13,26,36,2512.0
13,27,35,2624.0
13,28,34,2598.0
13,29,33,2663.0
13,30,32,2817.0
13,31,31,2777.0
13,32,30,2801.0
13,33,29,2964.0
13,34,28,2964.0
13,35,27,3135.0
13,36,26,2970.0
13,37,25,3056.0
13,38,24,2951.0
13,39,23,3087.0
13,40,22,3041.0
13,41,21,3165.0
13,42,20,3229.0
13,43,19,3348.0
13,44,18,3286.0
13,45,17,3219.0
13,46,16,3073.0
13,47,15,3244.0
13,48,14,3407.0
13,49,13,3513.0
13,50,12,3503.0
13,51,11,3527.0
13,52,10,3482.0
13,53,9,3530.0
13,54,8,3516.0
13,55,7,3657.0
13,56,6,3588.0
13,57,5,3748.0
13,58,4,3789.0
13,59,3,3761.0
13,60,2,3823.0
13,61,1,3875.0
14,1,60,2449.0
14,2,59,2368.0
14,3,58,2476.0
14,4,57,2355.0
14,5,56,2347.0
14,6,55,2320.0
14,7,54,2410.0
14,8,53,2474.0
14,9,52,2368.0
14,10,51,2303.0
14,11,50,2356.0
14,12,49,2373.0
14,13,48,2224.0
14,14,47,2359.0
14,15,46,2430.0
14,16,45,2486.0
14,17,44,2433.0
14,18,43,2406.0
14,19,42,2444.0
14,20,41,2407.0
14,21,40,2722.0
14,22,39,2580.0
14,23,38,2554.0
14,24,37,2635.0
14,25,36,2541.0
14,26,35,2595.0
14,27,34,2618.0
14,28,33,2646.0
14,29,32,2690.0
14,30,31,2852.0
14,31,30,2845.0
14,32,29,2837.0
14,33,28,2863.0
14,34,27,2904.0
14,35,26,2944.0
14,36,25,2999.0
14,37,24,3000.0
14,38,23,3069.0
14,39,22,2961.0
14,40,21,3109.0
14,41,20,3174.0
14,42,19,3214.0
14,43,18,3237.0
14,44,17,3209.0
14,45,16,3271.0
14,46,15,3378.0
14,47,14,3321.0
14,48,13,3298.0
14,49,12,3387.0
14,50,11,3383.0
14,51,10,3485.0
14,52,9,3476.0
14,53,8,3512.0
14,54,7,3662.0
14,55,6,3635.0
14,56,5,3680.0
14,57,4,3738.0
14,58,3,3675.0
14,59,2,3803.0
14,60,1,3754.0
15,1,59,2254.0
15,2,58,2381.0
15,3,57,2489.0
15,4,56,2373.0
15,5,55,2359.0
15,6,54,2494.0
15,7,53,2320.0
15,8,52,2272.0
15,9,51,2495.0
15,10,50,2375.0
15,11,49,2451.0
15,12,48,2447.0
15,13,47,2390.0
15,14,46,2302.0
15,15,45,2372.0
15,16,44,2540.0
15,17,43,2430.0
15,18,42,2432.0
15,19,41,2456.0
15,20,40,2504.0
15,21,39,2457.0
15,22,38,2544.0
15,23,37,2557.0
15,24,36,2646.0
15,25,35,2532.0
15,26,34,2726.0
15,27,33,2532.0
15,28,32,2762.0
15,29,31,2741.0
15,30,30,2815.0
15,31,29,2727.0
15,32,28,2696.0
15,33,27,2854.0
15,34,26,2847.0
15,35,25,2855.0
15,36,24,2933.0
15,37,23,3050.0
15,38,22,2984.0
15,39,21,3086.0
15,40,20,3167.0
15,41,19,3133.0
15,42,18,3251.0
15,43,17,3238.0
15,44,16,3377.0
15,45,15,3193.0
15,46,14,3232.0
15,47,13,3261.0
15,48,12,3285.0
15,49,11,3354.0
15,50,10,3435.0
15,51,9,3516.0
15,52,8,3526.0
15,53,7,3705.0
15,54,6,3574.0
15,55,5,3573.0
15,56,4,3694.0
15,57,3,3670.0
15,58,2,3670.0
15,59,1,3780.0
16,1,58,2304.0
16,2,57,2359.0
16,3,56,2359.0
16,4,55,2307.0
16,5,54,2462.0
16,6,53,2340.0
16,7,52,2314.0
16,8,51,2486.0
16,9,50,2492.0
16,10,49,2421.0
16,11,48,2222.0
16,12,47,2468.0
16,13,46,2388.0
16,14,45,2346.0
16,15,44,2460.0
16,16,43,2383.0
16,17,42,2379.0
16,18,41,2539.0
16,19,40,2538.0
16,20,39,2482.0
16,21,38,2525.0
16,22,37,2443.0
16,23,36,2642.0
16,24,35,2474.0
16,25,34,2660.0
16,26,33,2662.0
16,27,32,2625.0
16,28,31,2711.0
16,29,30,2712.0
16,30,29,2740.0
16,31,28,2770.0
16,32,27,2799.0
16,33,26,2844.0
16,34,25,2992.0
16,35,24,2849.0
16,36,23,2951.0
16,37,22,3041.0
16,38,21,3053.0
16,39,20,3058.0
16,40,19,3148.0
16,41,18,2956.0
16,42,17,3189.0
16,43,16,3137.0
16,44,15,3219.0
16,45,14,3148.0
16,46,13,3385.0
16,47,12,3381.0
16,48,11,3362.0
16,49,10,3394.0
16,50,9,3417.0
16,51,8,3460.0
16,52,7,3607.0
16,53,6,3639.0
16,54,5,3543.0
16,55,4,3628.0
16,56,3,3575.0
16,57,2,3714.0
16,58,1,3717.0
17,1,57,2345.0
17,2,56,2353.0
17,3,55,2408.0
17,4,54,2395.0
17,5,53,2304.0
17,6,52,2271.0
17,7,51,2173.0
17,8,50,2321.0
17,9,49,2268.0
17,10,48,2388.0
17,11,47,2303.0
17,12,46,2460.0
17,13,45,2279.0
17,14,44,2457.0
17,15,43,2466.0
17,16,42,2565.0
17,17,41,2382.0
17,18,40,2349.0
17,19,39,2488.0
17,20,38,2489.0
17,21,37,2505.0
17,22,36,2449.0
17,23,35,2526.0
17,24,34,2642.0
17,25,33,2571.0
17,26,32,2638.0
17,27,31,2644.0
17,28,30,2691.0
17,29,29,2802.0
17,30,28,2730.0
17,31,27,2623.0
17,32,26,2702.0
17,33,25,2857.0
17,34,24,2848.0
17,35,23,2888.0
17,36,22,2929.0
17,37,21,3048.0
17,38,20,2987.0
17,39,19,3067.0
17,40,18,3297.0
17,41,17,3191.0
17,42,16,3250.0
17,43,15,3053.0
17,44,14,3158.0
17,45,13,3275.0
17,46,12,3345.0
17,47,11,3277.0
17,48,10,3389.0
17,49,9,3284.0
17,50,8,3514.0
17,51,7,3524.0
17,52,6,3341.0
17,53,5,3543.0
17,54,4,3663.0
17,55,3,3544.0
17,56,2,3783.0
17,57,1,3689.0
18,1,56,2186.0
18,2,55,2314.0
18,3,54,2271.0
18,4,53,2445.0
18,5,52,2190.0
18,6,51,2399.0
18,7,50,2415.0
18,8,49,2294.0
18,9,48,2456.0
18,10,47,2402.0
18,11,46,2330.0
18,12,45,2348.0
18,13,44,2413.0
18,14,43,2399.0
18,15,42,2405.0
18,16,41,2434.0
18,17,40,2446.0
18,18,39,2349.0
18,19,38,2325.0
18,20,37,2460.0
18,21,36,2449.0
18,22,35,2576.0
18,23,34,2648.0
18,24,33,2554.0
18,25,32,2551.0
18,26,31,2592.0
18,27,30,2688.0
18,28,29,2557.0
18,29,28,2710.0
18,30,27,2697.0
18,31,26,2674.0
18,32,25,2806.0
18,33,24,2935.0
18,34,23,2939.0
18,35,22,2806.0
18,36,21,2972.0
18,37,20,2927.0
18,38,19,2910.0
18,39,18,3120.0
18,40,17,3172.0
18,41,16,3127.0
18,42,15,3292.0
18,43,14,3304.0
18,44,13,3181.0
18,45,12,3126.0
18,46,11,3419.0
18,47,10,3333.0
18,48,9,3486.0
18,49,8,3339.0
18,50,7,3450.0
18,51,6,3534.0
18,52,5,3622.0
18,53,4,3586.0
18,54,3,3664.0
18,55,2,3652.0
18,56,1,3537.0
19,1,55,2326.0
19,2,54,2281.0
19,3,53,2392.0
19,4,52,2244.0
19,5,51,2412.0
19,6,50,2375.0
19,7,49,2233.0
19,8,48,2323.0
19,9,47,2471.0
19,10,46,2426.0
19,11,45,2309.0
19,12,44,2347.0
19,13,43,2396.0
19,14,42,2384.0
19,15,41,2312.0
19,16,40,2403.0
19,17,39,2362.0
19,18,38,2395.0
19,19,37,2557.0
19,20,36,2435.0
19,21,35,2483.0
19,22,34,2529.0
19,23,33,2434.0
19,24,32,2686.0
19,25,31,2599.0
19,26,30,2488.0
19,27,29,2550.0
19,28,28,2522.0
19,29,27,2721.0
19,30,26,2727.0
19,31,25,2860.0
19,32,24,2886.0
19,33,23,2853.0
19,34,22,2809.0
19,35,21,2870.0
19,36,20,2947.0
19,37,19,3069.0
19,38,18,3016.0
19,39,17,2901.0
19,40,16,3051.0
19,41,15,3143.0
19,42,14,3197.0
19,43,13,3210.0
19,44,12,3291.0
19,45,11,3303.0
19,46,10,3226.0
19,47,9,3435.0
19,48,8,3390.0
19,49,7,3303.0
19,50,6,3453.0
19,51,5,3447.0
19,52,4,3633.0
19,53,3,3538.0
19,54,2,3526.0
19,55,1,3775.0
20,1,54,2291.0
20,2,53,2310.0
20,3,52,2365.0
20,4,51,2302.0
20,5,50,2393.0
20,6,49,2369.0
20,7,48,2279.0
20,8,47,2218.0
20,9,46,2239.0
20,10,45,2278.0
20,11,44,2239.0
20,12,43,2414.0
20,13,42,2391.0
20,14,41,2405.0
20,15,40,2299.0
20,16,39,2346.0
20,17,38,2436.0
20,18,37,2404.0
20,19,36,2414.0
20,20,35,2583.0
20,21,34,2365.0
20,22,33,2482.0
20,23,32,2551.0
20,24,31,2609.0
20,25,30,2691.0
20,26,29,2577.0
20,27,28,2503.0
20,28,27,2786.0
20,29,26,2789.0
20,30,25,2769.0
20,31,24,2773.0
20,32,23,2693.0
20,33,22,2778.0
20,34,21,2808.0
20,35,20,2965.0
20,36,19,2817.0
20,37,18,2984.0
20,38,17,2978.0
20,39,16,2987.0
20,40,15,3019.0
20,41,14,3232.0
20,42,13,3036.0
20,43,12,3168.0
20,44,11,3201.0
20,45,10,3152.0
20,46,9,3342.0
20,47,8,3282.0
20,48,7,3409.0
20,49,6,3290.0
20,50,5,3465.0
20,51,4,3463.0
20,52,3,3496.0
20,53,2,3609.0
20,54,1,3725.0
21,1,53,2287.0
21,2,52,2321.0
21,3,51,2359.0
21,4,50,2398.0
21,5,49,2454.0
21,6,48,2221.0
21,7,47,2569.0
21,8,46,2374.0
21,9,45,2296.0
21,10,44,2343.0
21,11,43,2370.0
21,12,42,2195.0
21,13,41,2364.0
21,14,40,2431.0
21,15,39,2405.0
21,16,38,2461.0
21,17,37,2483.0
21,18,36,2434.0
21,19,35,2465.0
21,20,34,2473.0
21,21,33,2503.0
21,22,32,2531.0
21,23,31,2658.0
21,24,30,2617.0
21,25,29,2728.0
21,26,28,2600.0
21,27,27,2820.0
21,28,26,2683.0
21,29,25,2697.0
21,30,24,2751.0
21,31,23,2800.0
21,32,22,2982.0
21,33,21,2853.0
21,34,20,2879.0
21,35,19,2933.0
21,36,18,2956.0
21,37,17,3032.0
21,38,16,3034.0
21,39,15,2909.0
21,40,14,3026.0
21,41,13,3175.0
21,42,12,3215.0
21,43,11,3172.0
21,44,10,3253.0
21,45,9,3205.0
21,46,8,3418.0
21,47,7,3319.0
21,48,6,3309.0
21,49,5,3324.0
21,50,4,3422.0
21,51,3,3536.0
21,52,2,3507.0
21,53,1,3517.0
22,1,52,2388.0
22,2,51,2414.0
22,3,50,2252.0
22,4,49,2373.0
22,5,48,2351.0
22,6,47,2185.0
22,7,46,2281.0
22,8,45,2491.0
22,9,44,2365.0
22,10,43,2408.0
22,11,42,2276.0
22,12,41,2488.0
22,13,40,2354.0
22,14,39,2311.0
22,15,38,2332.0
22,16,37,2316.0
22,17,36,2465.0
22,18,35,2345.0
22,19,34,2343.0
22,20,33,2496.0
22,21,32,2375.0
22,22,31,2485.0
22,23,30,2602.0
22,24,29,2527.0
22,25,28,2614.0
22,26,27,2613.0
22,27,26,2598.0
22,28,25,2720.0
22,29,24,2765.0
22,30,23,2722.0
22,31,22,2762.0
22,32,21,2986.0
22,33,20,2788.0
22,34,19,2916.0
22,35,18,2896.0
22,36,17,2925.0
22,37,16,2902.0
22,38,15,3018.0
22,39,14,2991.0
22,40,13,3090.0
22,41,12,3134.0
22,42,11,3186.0
22,43,10,3317.0
22,44,9,3180.0
22,45,8,3365.0
22,46,7,3344.0
22,47,6,3250.0
22,48,5,3364.0
22,49,4,3494.0
22,50,3,3426.0
22,51,2,3467.0
22,52,1,3489.0
23,1,51,2362.0
23,2,50,2241.0
23,3,49,2252.0
23,4,48,2285.0
23,5,47,2272.0
23,6,46,2363.0
23,7,45,2271.0
23,8,44,2399.0
23,9,43,2225.0
23,10,42,2265.0
23,11,41,2357.0
23,12,40,2300.0
23,13,39,2215.0
23,14,38,2453.0
23,15,37,2448.0
23,16,36,2283.0
23,17,35,2370.0
23,18,34,2411.0
23,19,33,2389.0
23,20,32,2552.0
23,21,31,2546.0
23,22,30,2341.0
23,23,29,2459.0
23,24,28,2596.0
23,25,27,2629.0
23,26,26,2556.0
23,27,25,2662.0
23,28,24,2739.0
23,29,23,2739.0
23,30,22,2741.0
23,31,21,2753.0
23,32,20,2767.0
23,33,19,2812.0
23,34,18,2829.0
23,35,17,2829.0
23,36,16,2982.0
23,37,15,2903.0
23,38,14,3015.0
23,39,13,3019.0
23,40,12,3119.0
23,41,11,3152.0
23,42,10,3077.0
23,43,9,3108.0
23,44,8,3118.0
23,45,7,3271.0
23,46,6,3269.0
23,47,5,3391.0
23,48,4,3310.0
23,49,3,3488.0
23,50,2,3435.0
23,51,1,3461.0
24,1,50,2205.0
24,2,49,2276.0
24,3,48,2245.0
24,4,47,2271.0
24,5,46,2275.0
24,6,45,2374.0
24,7,44,2397.0
24,8,43,2378.0
24,9,42,2261.0
24,10,41,2248.0
24,11,40,2326.0
24,12,39,2192.0
24,13,38,2322.0
24,14,37,2313.0
24,15,36,2321.0
24,16,35,2317.0
24,17,34,2379.0
24,18,33,2448.0
24,19,32,2524.0
24,20,31,2607.0
24,21,30,2537.0
24,22,29,2524.0
24,23,28,2512.0
24,24,27,2537.0
24,25,26,2583.0
24,26,25,2574.0
24,27,24,2717.0
24,28,23,2587.0
24,29,22,2692.0
24,30,21,2679.0
24,31,20,2768.0
24,32,19,2923.0
24,33,18,2831.0
24,34,17,2781.0
24,35,16,2927.0
24,36,15,2920.0
24,37,14,3003.0
24,38,13,2953.0
24,39,12,2942.0
24,40,11,3029.0
24,41,10,2951.0
24,42,9,3221.0
24,43,8,3114.0
24,44,7,3249.0
24,45,6,3246.0
24,46,5,3401.0
24,47,4,3248.0
24,48,3,3348.0
24,49,2,3516.0
24,50,1,3334.0
25,1,49,2373.0
25,2,48,2288.0
25,3,47,2360.0
25,4,46,2317.0
25,5,45,2278.0
25,6,44,2283.0
25,7,43,2427.0
25,8,42,2410.0
25,9,41,2322.0
25,10,40,2508.0
25,11,39,2380.0
25,12,38,2455.0
25,13,37,2213.0
25,14,36,2282.0
25,15,35,2562.0
25,16,34,2491.0
25,17,33,2405.0
25,18,32,2399.0
25,19,31,2396.0
25,20,30,2397.0
25,21,29,2402.0
25,22,28,2484.0
25,23,27,2552.0
25,24,26,2787.0
25,25,25,2664.0
25,26,24,2589.0
25,27,23,2731.0
25,28,22,2631.0
25,29,21,2758.0
25,30,20,2674.0
25,31,19,2664.0
25,32,18,2884.0
25,33,17,2793.0
25,34,16,2804.0
25,35,15,2813.0
25,36,14,3036.0
25,37,13,2988.0
25,38,12,3036.0
25,39,11,3045.0
25,40,10,3146.0
25,41,9,3062.0
25,42,8,3229.0
25,43,7,3235.0
25,44,6,3308.0
25,45,5,3414.0
25,46,4,3334.0
25,47,3,3168.0
25,48,2,3429.0
25,49,1,3280.0
26,1,48,2312.0
26,2,47,2310.0
26,3,46,2175.0
26,4,45,2343.0
26,5,44,2232.0
26,6,43,2347.0
26,7,42,2374.0
26,8,41,2438.0
26,9,40,2210.0
26,10,39,2128.0
26,11,38,2266.0
26,12,37,2305.0
26,13,36,2293.0
26,14,35,2430.0
26,15,34,2404.0
26,16,33,2380.0
26,17,32,2352.0
26,18,31,2377.0
26,19,30,2328.0
26,20,29,2472.0
26,21,28,2439.0
26,22,27,2588.0
26,23,26,2349.0
26,24,25,2527.0
26,25,24,2562.0
26,26,23,2646.0
26,27,22,2689.0
26,28,21,2746.0
26,29,20,2613.0
26,30,19,2722.0
26,31,18,2815.0
26,32,17,2823.0
26,33,16,2803.0
26,34,15,2951.0
26,35,14,3002.0
26,36,13,3053.0
26,37,12,3058.0
26,38,11,3060.0
26,39,10,3028.0
26,40,9,3087.0
26,41,8,3073.0
26,42,7,3075.0
26,43,6,3124.0
26,44,5,3195.0
26,45,4,3280.0
26,46,3,3428.0
26,47,2,3206.0
26,48,1,3487.0
27,1,47,2226.0
27,2,46,2271.0
27,3,45,2380.0
27,4,44,2200.0
27,5,43,2246.0
27,6,42,2220.0
27,7,41,2383.0
27,8,40,2403.0
27,9,39,2254.0
27,10,38,2286.0
27,11,37,2175.0
27,12,36,2465.0
27,13,35,2421.0
27,14,34,2435.0
27,15,33,2354.0
27,16,32,2348.0
27,17,31,2562.0
27,18,30,2261.0
27,19,29,2466.0
27,20,28,2528.0
27,21,27,2404.0
27,22,26,2424.0
27,23,25,2459.0
27,24,24,2684.0
27,25,23,2597.0
27,26,22,2608.0
27,27,21,2643.0
27,28,20,2718.0
27,29,19,2656.0
27,30,18,2706.0
27,31,17,2757.0
27,32,16,2804.0
27,33,15,2824.0
27,34,14,2819.0
27,35,13,2893.0
27,36,12,2974.0
27,37,11,2899.0
27,38,10,3001.0
27,39,9,3282.0
27,40,8,3046.0
27,41,7,2992.0
27,42,6,3321.0
27,43,5,3250.0
27,44,4,3413.0
27,45,3,3353.0
27,46,2,3358.0
27,47,1,3381.0
28,1,46,2322.0
28,2,45,2420.0
28,3,44,2148.0
28,4,43,2182.0
28,5,42,2312.0
28,6,41,2296.0
28,7,40,2348.0
28,8,39,2313.0
28,9,38,2330.0
28,10,37,2267.0
28,11,36,2403.0
28,12,35,2352.0
28,13,34,2389.0
28,14,33,2381.0
28,15,32,2467.0
28,16,31,2438.0
28,17,30,2526.0
28,18,29,2429.0
28,19,28,2368.0
28,20,27,2374.0
28,21,26,2478.0
28,22,25,2706.0
28,23,24,2637.0
28,24,23,2479.0
28,25,22,2566.0
28,26,21,2597.0
28,27,20,2642.0
28,28,19,2682.0
28,29,18,2625.0
28,30,17,2776.0
28,31,16,2765.0
28,32,15,2794.0
28,33,14,2963.0
28,34,13,2848.0
28,35,12,2848.0
28,36,11,2990.0
28,37,10,2841.0
28,38,9,2981.0
28,39,8,2977.0
28,40,7,3146.0
28,41,6,3051.0
28,42,5,3254.0
28,43,4,3128.0
28,44,3,3165.0
28,45,2,3184.0
28,46,1,3331.0
29,1,45,2256.0
29,2,44,2363.0
29,3,43,2383.0
29,4,42,2341.0
29,5,41,2463.0
29,6,40,2245.0
29,7,39,2216.0
29,8,38,2332.0
29,9,37,2277.0
29,10,36,2327.0
29,11,35,2234.0
29,12,34,2290.0
29,13,33,2369.0
29,14,32,2479.0
29,15,31,2457.0
29,16,30,2281.0
29,17,29,2353.0
29,18,28,2602.0
29,19,27,2404.0
29,20,26,2328.0
29,21,25,2368.0
29,22,24,2420.0
29,23,23,2419.0
29,24,22,2491.0
29,25,21,2653.0
29,26,20,2756.0
29,27,19,2688.0
29,28,18,2558.0
29,29,17,2808.0
29,30,16,2678.0
29,31,15,2753.0
29,32,14,2972.0
29,33,13,3017.0
29,34,12,3043.0
29,35,11,2965.0
29,36,10,2975.0
29,37,9,2946.0
29,38,8,2925.0
29,39,7,3045.0
29,40,6,3090.0
29,41,5,3094.0
29,42,4,3256.0
29,43,3,3212.0
29,44,2,3125.0
29,45,1,3326.0
30,1,44,2315.0
30,2,43,2314.0
30,3,42,2420.0
30,4,41,2392.0
30,5,40,2375.0
30,6,39,2309.0
30,7,38,2310.0
30,8,37,2196.0
30,9,36,2384.0
30,10,35,2314.0
30,11,34,2302.0
30,12,33,2444.0
30,13,32,2228.0
30,14,31,2372.0
30,15,30,2416.0
30,16,29,2507.0
30,17,28,2394.0
30,18,27,2341.0
30,19,26,2366.0
30,20,25,2521.0
30,21,24,2507.0
30,22,23,2475.0
30,23,22,2481.0
30,24,21,2518.0
30,25,20,2736.0
30,26,19,2568.0
30,27,18,2631.0
30,28,17,2731.0
30,29,16,2842.0
30,30,15,2640.0
30,31,14,2730.0
30,32,13,2919.0
30,33,12,2713.0
30,34,11,2932.0
30,35,10,2944.0
30,36,9,3090.0
30,37,8,2872.0
30,38,7,3052.0
30,39,6,3100.0
30,40,5,3194.0
30,41,4,3150.0
30,42,3,3180.0
30,43,2,3340.0
30,44,1,3287.0
31,1,43,2178.0
31,2,42,2201.0
31,3,41,2007.0
31,4,40,2422.0
31,5,39,2299.0
31,6,38,2230.0
31,7,37,2413.0
31,8,36,2339.0
31,9,35,2348.0
31,10,34,2380.0
31,11,33,2227.0
31,12,32,2322.0
31,13,31,2338.0
31,14,30,2329.0
31,15,29,2401.0
31,16,28,2224.0
31,17,27,2478.0
31,18,26,2589.0
31,19,25,2349.0
31,20,24,2482.0
31,21,23,2406.0
31,22,22,2686.0
31,23,21,2547.0
31,24,20,2599.0
31,25,19,2603.0
31,26,18,2585.0
31,27,17,2809.0
31,28,16,2669.0
31,29,15,2661.0
31,30,14,2689.0
31,31,13,2740.0
31,32,12,2863.0
31,33,11,2837.0
31,34,10,2858.0
31,35,9,2876.0
31,36,8,2921.0
31,37,7,2966.0
31,38,6,3013.0
31,39,5,3076.0
31,40,4,2989.0
31,41,3,3131.0
31,42,2,3030.0
31,43,1,3221.0
32,1,42,2107.0
32,2,41,2384.0
32,3,40,2278.0
32,4,39,2273.0
32,5,38,2217.0
32,6,37,2214.0
32,7,36,2334.0
32,8,35,2168.0
32,9,34,2267.0
32,10,33,2348.0
32,11,32,2325.0
32,12,31,2496.0
32,13,30,2473.0
32,14,29,2336.0
32,15,28,2234.0
32,16,27,2388.0
32,17,26,2405.0
32,18,25,2495.0
32,19,24,2360.0
32,20,23,2395.0
32,21,22,2559.0
32,22,21,2526.0
32,23,20,2525.0
32,24,19,2577.0
32,25,18,2532.0
32,26,17,2665.0
32,27,16,2695.0
32,28,15,2600.0
32,29,14,2747.0
32,30,13,2689.0
32,31,12,2745.0
32,32,11,2851.0
32,33,10,2889.0
32,34,9,2869.0
32,35,8,2925.0
32,36,7,3014.0
32,37,6,3187.0
32,38,5,2948.0
32,39,4,3012.0
32,40,3,3122.0
32,41,2,3103.0
32,42,1,3279.0
33,1,41,2277.0
33,2,40,2339.0
33,3,39,2205.0
33,4,38,2290.0
33,5,37,2404.0
33,6,36,2331.0
33,7,35,2227.0
33,8,34,2372.0
33,9,33,2394.0
33,10,32,2231.0
33,11,31,2342.0
33,12,30,2414.0
33,13,29,2368.0
33,14,28,2326.0
33,15,27,2414.0
33,16,26,2242.0
33,17,25,2403.0
33,18,24,2475.0
33,19,23,2411.0
33,20,22,2512.0
33,21,21,2496.0
33,22,20,2464.0
33,23,19,2360.0
33,24,18,2584.0
33,25,17,2582.0
33,26,16,2614.0
33,27,15,2593.0
33,28,14,2732.0
33,29,13,2742.0
33,30,12,2835.0
33,31,11,2889.0
33,32,10,2854.0
33,33,9,2772.0
33,34,8,2976.0
33,35,7,2989.0
33,36,6,2833.0
33,37,5,2976.0
33,38,4,3037.0
33,39,3,3031.0
33,40,2,3230.0
33,41,1,3147.0
34,1,40,2318.0
34,2,39,2262.0
34,3,38,2306.0
34,4,37,2369.0
34,5,36,2242.0
34,6,35,2229.0
34,7,34,2386.0
34,8,33,2382.0
34,9,32,2248.0
34,10,31,2370.0
34,11,30,2327.0
34,12,29,2424.0
34,13,28,2219.0
34,14,27,2473.0
34,15,26,2502.0
34,16,25,2392.0
34,17,24,2436.0
34,18,23,2516.0
34,19,22,2395.0
34,20,21,2511.0
34,21,20,2481.0
34,22,19,2515.0
34,23,18,2431.0
34,24,17,2511.0
34,25,16,2625.0
34,26,15,2604.0
34,27,14,2718.0
34,28,13,2605.0
34,29,12,2668.0
34,30,11,2839.0
34,31,10,2724.0
34,32,9,2891.0
34,33,8,2987.0
34,34,7,2990.0
34,35,6,2968.0
34,36,5,3189.0
34,37,4,3068.0
34,38,3,3075.0
34,39,2,3144.0
34,40,1,3238.0
35,1,39,2407.0
35,2,38,2317.0
35,3,37,2200.0
35,4,36,2363.0
35,5,35,2243.0
35,6,34,2280.0
35,7,33,2306.0
35,8,32,2398.0
35,9,31,2348.0
35,10,30,2321.0
35,11,29,2319.0
35,12,28,2356.0
35,13,27,2328.0
35,14,26,2345.0
35,15,25,2544.0
35,16,24,2327.0
35,17,23,2410.0
35,18,22,2428.0
35,19,21,2536.0
35,20,20,2402.0
35,21,19,2649.0
35,22,18,2473.0
35,23,17,2574.0
35,24,16,2546.0
35,25,15,2614.0
35,26,14,2587.0
35,27,13,2630.0
35,28,12,2724.0
35,29,11,2701.0
35,30,10,2833.0
35,31,9,2908.0
35,32,8,2820.0
35,33,7,2843.0
35,34,6,2768.0
35,35,5,2876.0
35,36,4,3073.0
35,37,3,2970.0
35,38,2,2913.0
35,39,1,2999.0
36,1,38,2565.0
36,2,37,2251.0
36,3,36,2125.0
36,4,35,2494.0
36,5,34,2338.0
36,6,33,2144.0
36,7,32,2211.0
36,8,31,2486.0
36,9,30,2408.0
36,10,29,2384.0
36,11,28,2366.0
36,12,27,2356.0
36,13,26,2404.0
36,14,25,2347.0
36,15,24,2382.0
36,16,23,2420.0
36,17,22,2387.0
36,18,21,2321.0
36,19,20,2461.0
36,20,19,2482.0
36,21,18,2611.0
36,22,17,2608.0
36,23,16,2564.0
36,24,15,2538.0
36,25,14,2546.0
36,26,13,2501.0
36,27,12,2652.0
36,28,11,2718.0
36,29,10,2674.0
36,30,9,2807.0
36,31,8,2759.0
36,32,7,2806.0
36,33,6,2891.0
36,34,5,2923.0
36,35,4,2931.0
36,36,3,2971.0
36,37,2,2951.0
36,38,1,3046.0
37,1,37,2378.0
37,2,36,2534.0
37,3,35,2133.0
37,4,34,2298.0
37,5,33,2192.0
37,6,32,2503.0
37,7,31,2301.0
37,8,30,2502.0
37,9,29,2485.0
37,10,28,2385.0
37,11,27,2477.0
37,12,26,2449.0
37,13,25,2448.0
37,14,24,2415.0
37,15,23,2405.0
37,16,22,2303.0
37,17,21,2417.0
37,18,20,2327.0
37,19,19,2515.0
37,20,18,2318.0
37,21,17,2620.0
37,22,16,2568.0
37,23,15,2570.0
37,24,14,2776.0
37,25,13,2708.0
37,26,12,2684.0
37,27,11,2649.0
37,28,10,2743.0
37,29,9,2727.0
37,30,8,2753.0
37,31,7,2787.0
37,32,6,2913.0
37,33,5,2935.0
37,34,4,2864.0
37,35,3,2844.0
37,36,2,2996.0
37,37,1,3049.0
38,1,36,2280.0
38,2,35,2325.0
38,3,34,2419.0
38,4,33,2497.0
38,5,32,2427.0
38,6,31,2386.0
38,7,30,2376.0
38,8,29,2398.0
38,9,28,2344.0
38,10,27,2455.0
38,11,26,2309.0
38,12,25,2433.0
38,13,24,2407.0
38,14,23,2240.0
38,15,22,2290.0
38,16,21,2344.0
38,17,20,2505.0
38,18,19,2514.0
38,19,18,2544.0
38,20,17,2408.0
38,21,16,2496.0
38,22,15,2588.0
38,23,14,2519.0
38,24,13,2672.0
38,25,12,2712.0
38,26,11,2715.0
38,27,10,2619.0
38,28,9,2722.0
38,29,8,2711.0
38,30,7,2813.0
38,31,6,2709.0
38,32,5,2817.0
38,33,4,2760.0
38,34,3,2958.0
38,35,2,2833.0
38,36,1,2991.0
39,1,35,2148.0
39,2,34,2312.0
39,3,33,2247.0
39,4,32,2387.0
39,5,31,2299.0
39,6,30,2420.0
39,7,29,2499.0
39,8,28,2405.0
39,9,27,2369.0
39,10,26,2469.0
39,11,25,2521.0
39,12,24,2332.0
39,13,23,2399.0
39,14,22,2417.0
39,15,21,2470.0
39,16,20,2294.0
39,17,19,2534.0
39,18,18,2459.0
39,19,17,2349.0
39,20,16,2463.0
39,21,15,2552.0
39,22,14,2604.0
39,23,13,2558.0
39,24,12,2616.0
39,25,11,2646.0
39,26,10,2541.0
39,27,9,2605.0
39,28,8,2626.0
39,29,7,2648.0
39,30,6,2767.0
39,31,5,2761.0
39,32,4,2878.0
39,33,3,2828.0
39,34,2,2843.0
39,35,1,2931.0
40,1,34,2306.0
40,2,33,2237.0
40,3,32,2267.0
40,4,31,2425.0
40,5,30,2228.0
40,6,29,2274.0
40,7,28,2281.0
40,8,27,2380.0
40,9,26,2397.0
40,10,25,2272.0
40,11,24,2308.0
40,12,23,2422.0
40,13,22,2346.0
40,14,21,2401.0
40,15,20,2390.0
40,16,19,2402.0
40,17,18,2566.0
40,18,17,2450.0
40,19,16,2564.0
40,20,15,2585.0
40,21,14,2481.0
40,22,13,2489.0
40,23,12,2644.0
40,24,11,2557.0
40,25,10,2702.0
40,26,9,2617.0
40,27,8,2664.0
40,28,7,2722.0
40,29,6,2792.0
40,30,5,2748.0
40,31,4,2829.0
40,32,3,2932.0
40,33,2,2908.0
40,34,1,2853.0
41,1,33,2243.0
41,2,32,2241.0
41,3,31,2339.0
41,4,30,2367.0
41,5,29,2201.0
41,6,28,2411.0
41,7,27,2385.0
41,8,26,2326.0
41,9,25,2330.0
41,10,24,2342.0
41,11,23,2424.0
41,12,22,2404.0
41,13,21,2373.0
41,14,20,2428.0
41,15,19,2390.0
41,16,18,2509.0
41,17,17,2434.0
41,18,16,2533.0
41,19,15,2541.0
41,20,14,2438.0
41,21,13,2600.0
41,22,12,2555.0
41,23,11,2714.0
41,24,10,2549.0
41,25,9,2692.0
41,26,8,2556.0
41,27,7,2720.0
41,28,6,2676.0
41,29,5,2636.0
41,30,4,2813.0
41,31,3,2719.0
41,32,2,2900.0
41,33,1,2889.0
42,1,32,2251.0
42,2,31,2464.0
42,3,30,2339.0
42,4,29,2348.0
42,5,28,2325.0
42,6,27,2426.0
42,7,26,2317.0
42,8,25,2347.0
42,9,24,2304.0
42,10,23,2483.0
42,11,22,2382.0
42,12,21,2502.0
42,13,20,2597.0
42,14,19,2461.0
42,15,18,2405.0
42,16,17,2435.0
42,17,16,2399.0
42,18,15,2429.0
42,19,14,2555.0
42,20,13,2534.0
42,21,12,2445.0
42,22,11,2492.0
42,23,10,2621.0
42,24,9,2732.0
42,25,8,2720.0
42,26,7,2654.0
42,27,6,2682.0
42,28,5,2794.0
42,29,4,2836.0
42,30,3,2822.0
42,31,2,2864.0
42,32,1,2889.0
43,1,31,2242.0
43,2,30,2284.0
43,3,29,2340.0
43,4,28,2323.0
43,5,27,2376.0
43,6,26,2385.0
43,7,25,2404.0
43,8,24,2319.0
43,9,23,2320.0
43,10,22,2294.0
43,11,21,2410.0
43,12,20,2246.0
43,13,19,2409.0
43,14,18,2359.0
43,15,17,2375.0
43,16,16,2474.0
43,17,15,2442.0
43,18,14,2528.0
43,19,13,2420.0
43,20,12,2464.0
43,21,11,2472.0
43,22,10,2657.0
43,23,9,2638.0
43,24,8,2740.0
43,25,7,2665.0
43,26,6,2673.0
43,27,5,2745.0
43,28,4,2696.0
43,29,3,2858.0
43,30,2,2781.0
43,31,1,2962.0
44,1,30,2234.0
44,2,29,2238.0
44,3,28,2270.0
44,4,27,2368.0
44,5,26,2209.0
44,6,25,2409.0
44,7,24,2264.0
44,8,23,2270.0
44,9,22,2358.0
44,10,21,2407.0
44,11,20,2283.0
44,12,19,2364.0
44,13,18,2456.0
44,14,17,2379.0
44,15,16,2448.0
44,16,15,2469.0
44,17,14,2537.0
44,18,13,2481.0
44,19,12,2518.0
44,20,11,2596.0
44,21,10,2581.0
44,22,9,2628.0
44,23,8,2767.0
44,24,7,2664.0
44,25,6,2675.0
44,26,5,2708.0
44,27,4,2666.0
44,28,3,2729.0
44,29,2,2723.0
44,30,1,2841.0
45,1,29,2274.0
45,2,28,2474.0
45,3,27,2319.0
45,4,26,2303.0
45,5,25,2361.0
45,6,24,2460.0
45,7,23,2358.0
45,8,22,2489.0
45,9,21,2393.0
45,10,20,2299.0
45,11,19,2528.0
45,12,18,2420.0
45,13,17,2310.0
45,14,16,2535.0
45,15,15,2499.0
45,16,14,2477.0
45,17,13,2482.0
45,18,12,2625.0
45,19,11,2528.0
45,20,10,2472.0
45,21,9,2530.0
45,22,8,2594.0
45,23,7,2548.0
45,24,6,2713.0
45,25,5,2576.0
45,26,4,2713.0
45,27,3,2726.0
45,28,2,2736.0
45,29,1,2782.0
46,1,28,2186.0
46,2,27,2360.0
46,3,26,2258.0
46,4,25,2433.0
46,5,24,2251.0
46,6,23,2312.0
46,7,22,2418.0
46,8,21,2376.0
46,9,20,2419.0
46,10,19,2470.0
46,11,18,2267.0
46,12,17,2449.0
46,13,16,2373.0
46,14,15,2435.0
46,15,14,2467.0
46,16,13,2523.0
46,17,12,2398.0
46,18,11,2529.0
46,19,10,2558.0
46,20,9,2557.0
46,21,8,2543.0
46,22,7,2660.0
46,23,6,2660.0
46,24,5,2723.0
46,25,4,2681.0
46,26,3,2725.0
46,27,2,2733.0
46,28,1,2832.0
47,1,27,2325.0
47,2,26,2413.0
47,3,25,2366.0
47,4,24,2322.0
47,5,23,2416.0
47,6,22,2435.0
47,7,21,2250.0
47,8,20,2344.0
47,9,19,2301.0
47,10,18,2366.0
47,11,17,2405.0
47,12,16,2462.0
47,13,15,2463.0
47,14,14,2472.0
47,15,13,2573.0
47,16,12,2577.0
47,17,11,2533.0
47,18,10,2599.0
47,19,9,2494.0
47,20,8,2603.0
47,21,7,2587.0
47,22,6,2620.0
47,23,5,2651.0
47,24,4,2658.0
47,25,3,2708.0
47,26,2,2689.0
47,27,1,2701.0
48,1,26,2295.0
48,2,25,2274.0
48,3,24,2544.0
48,4,23,2391.0
48,5,22,2278.0
48,6,21,2421.0
48,7,20,2271.0
48,8,19,2432.0
48,9,18,2431.0
48,10,17,2365.0
48,11,16,2398.0
48,12,15,2506.0
48,13,14,2569.0
48,14,13,2472.0
48,15,12,2571.0
48,16,11,2535.0
48,17,10,2500.0
48,18,9,2459.0
48,19,8,2517.0
48,20,7,2648.0
48,21,6,2668.0
48,22,5,2684.0
48,23,4,2587.0
48,24,3,2611.0
48,25,2,2719.0
48,26,1,2808.0
49,1,25,2245.0
49,2,24,2301.0
49,3,23,2494.0
49,4,22,2382.0
49,5,21,2282.0
49,6,20,2379.0
49,7,19,2526.0
49,8,18,2352.0
49,9,17,2510.0
49,10,16,2426.0
49,11,15,2513.0
49,12,14,2572.0
49,13,13,2382.0
49,14,12,2535.0
49,15,11,2571.0
49,16,10,2445.0
49,17,9,2649.0
49,18,8,2515.0
49,19,7,2667.0
49,20,6,2512.0
49,21,5,2546.0
49,22,4,2577.0
49,23,3,2768.0
49,24,2,2632.0
49,25,1,2667.0
50,1,24,2359.0
50,2,23,2378.0
50,3,22,2373.0
50,4,21,2470.0
50,5,20,2377.0
50,6,19,2520.0
50,7,18,2582.0
50,8,17,2469.0
50,9,16,2232.0
50,10,15,2349.0
50,11,14,2478.0
50,12,13,2469.0
50,13,12,2450.0
50,14,11,2364.0
50,15,10,2507.0
50,16,9,2572.0
50,17,8,2552.0
50,18,7,2470.0
50,19,6,2658.0
50,20,5,2563.0
50,21,4,2684.0
50,22,3,2636.0
50,23,2,2682.0
50,24,1,2735.0
51,1,23,2407.0
51,2,22,2373.0
51,3,21,2432.0
51,4,20,2371.0
51,5,19,2340.0
51,6,18,2332.0
51,7,17,2357.0
51,8,16,2508.0
51,9,15,2485.0
51,10,14,2414.0
51,11,13,2418.0
51,12,12,2456.0
51,13,11,2596.0
51,14,10,2521.0
51,15,9,2504.0
51,16,8,2454.0
51,17,7,2677.0
51,18,6,2448.0
51,19,5,2611.0
51,20,4,2589.0
51,21,3,2730.0
51,22,2,2490.0
51,23,1,2672.0
52,1,22,2351.0
52,2,21,2396.0
52,3,20,2482.0
52,4,19,2363.0
52,5,18,2352.0
52,6,17,2362.0
52,7,16,2253.0
52,8,15,2369.0
52,9,14,2407.0
52,10,13,2307.0
52,11,12,2350.0
52,12,11,2517.0
52,13,10,2516.0
52,14,9,2517.0
52,15,8,2497.0
52,16,7,2435.0
52,17,6,2589.0
52,18,5,2517.0
52,19,4,2571.0
52,20,3,2631.0
52,21,2,2523.0
52,22,1,2660.0
53,1,21,2381.0
53,2,20,2397.0
53,3,19,2231.0
53,4,18,2567.0
53,5,17,2356.0
53,6,16,2458.0
53,7,15,2410.0
53,8,14,2329.0
53,9,13,2358.0
53,10,12,2432.0
53,11,11,2532.0
53,12,10,2433.0
53,13,9,2410.0
53,14,8,2528.0
53,15,7,2581.0
53,16,6,2480.0
53,17,5,2545.0
53,18,4,2496.0
53,19,3,2615.0
53,20,2,2584.0
53,21,1,2617.0
54,1,20,2383.0
54,2,19,2402.0
54,3,18,2488.0
54,4,17,2361.0
54,5,16,2434.0
54,6,15,2537.0
54,7,14,2708.0
54,8,13,2553.0
54,9,12,2441.0
54,10,11,2548.0
54,11,10,2572.0
54,12,9,2572.0
54,13,8,2544.0
54,14,7,2441.0
54,15,6,2596.0
54,16,5,2482.0
54,17,4,2659.0
54,18,3,2588.0
54,19,2,2662.0
54,20,1,2578.0
55,1,19,2513.0
55,2,18,2463.0
55,3,17,2362.0
55,4,16,2275.0
55,5,15,2380.0
55,6,14,2398.0
55,7,13,2445.0
55,8,12,2368.0
55,9,11,2342.0
55,10,10,2352.0
55,11,9,2466.0
55,12,8,2532.0
55,13,7,2423.0
55,14,6,2411.0
55,15,5,2505.0
55,16,4,2537.0
55,17,3,2618.0
55,18,2,2730.0
55,19,1,2609.0
56,1,18,2364.0
56,2,17,2378.0
56,3,16,2443.0
56,4,15,2453.0
56,5,14,2451.0
56,6,13,2390.0
56,7,12,2586.0
56,8,11,2465.0
56,9,10,2391.0
56,10,9,2543.0
56,11,8,2467.0
56,12,7,2582.0
56,13,6,2567.0
56,14,5,2554.0
56,15,4,2518.0
56,16,3,2573.0
56,17,2,2734.0
56,18,1,2609.0
57,1,17,2462.0
57,2,16,2411.0
57,3,15,2361.0
57,4,14,2393.0
57,5,13,2511.0
57,6,12,2420.0
57,7,11,2472.0
57,8,10,2595.0
57,9,9,2525.0
57,10,8,2636.0
57,11,7,2488.0
57,12,6,2473.0
57,13,5,2704.0
57,14,4,2571.0
57,15,3,2478.0
57,16,2,2709.0
57,17,1,2679.0
58,1,16,2510.0
58,2,15,2497.0
58,3,14,2419.0
58,4,13,2476.0
58,5,12,2327.0
58,6,11,2338.0
58,7,10,2546.0
58,8,9,2471.0
58,9,8,2508.0
58,10,7,2545.0
58,11,6,2577.0
58,12,5,2450.0
58,13,4,2509.0
58,14,3,2644.0
58,15,2,2740.0
58,16,1,2616.0
59,1,15,2436.0
59,2,14,2347.0
59,3,13,2217.0
59,4,12,2610.0
59,5,11,2428.0
59,6,10,2447.0
59,7,9,2469.0
59,8,8,2525.0
59,9,7,2547.0
59,10,6,2490.0
59,11,5,2430.0
59,12,4,2641.0
59,13,3,2458.0
59,14,2,2759.0
59,15,1,2587.0
60,1,14,2429.0
60,2,13,2371.0
60,3,12,2457.0
60,4,11,2395.0
60,5,10,2516.0
60,6,9,2538.0
60,7,8,2469.0
60,8,7,2542.0
60,9,6,2439.0
60,10,5,2573.0
60,11,4,2484.0
60,12,3,2661.0
60,13,2,2525.0
60,14,1,2634.0
61,1,13,2391.0
61,2,12,2583.0
61,3,11,2403.0
61,4,10,2510.0
61,5,9,2385.0
61,6,8,2470.0
61,7,7,2505.0
61,8,6,2435.0
61,9,5,2590.0
61,10,4,2536.0
61,11,3,2476.0
61,12,2,2555.0
61,13,1,2553.0
62,1,12,2398.0
62,2,11,2397.0
62,3,10,2548.0
62,4,9,2497.0
62,5,8,2560.0
62,6,7,2436.0
62,7,6,2551.0
62,8,5,2590.0
62,9,4,2533.0
62,10,3,2503.0
62,11,2,2558.0
62,12,1,2645.0
63,1,11,2258.0
63,2,10,2491.0
63,3,9,2485.0
63,4,8,2405.0
63,5,7,2500.0
63,6,6,2574.0
63,7,5,2565.0
63,8,4,2486.0
63,9,3,2513.0
63,10,2,2712.0
63,11,1,2614.0
64,1,10,2396.0
64,2,9,2410.0
64,3,8,2509.0
64,4,7,2608.0
64,5,6,2588.0
64,6,5,2598.0
64,7,4,2538.0
64,8,3,2567.0
64,9,2,2683.0
64,10,1,2545.0
65,1,9,2548.0
65,2,8,2403.0
65,3,7,2581.0
65,4,6,2590.0
65,5,5,2556.0
65,6,4,2611.0
65,7,3,2565.0
65,8,2,2733.0
65,9,1,2614.0
66,1,8,2413.0
66,2,7,2461.0
66,3,6,2520.0
66,4,5,2538.0
66,5,4,2576.0
66,6,3,2516.0
66,7,2,2411.0
66,8,1,2490.0
67,1,7,2582.0
67,2,6,2563.0
67,3,5,2473.0
67,4,4,2420.0
67,5,3,2670.0
67,6,2,2662.0
67,7,1,2694.0
68,1,6,2634.0
68,2,5,2559.0
68,3,4,2747.0
68,4,3,2620.0
68,5,2,2487.0
68,6,1,2628.0
69,1,5,2577.0
69,2,4,2508.0
69,3,3,2466.0
69,4,2,2710.0
69,5,1,2479.0
70,1,4,2495.0
70,2,3,2545.0
70,3,2,2506.0
70,4,1,2617.0
71,1,3,2675.0
71,2,2,2583.0
71,3,1,2580.0
72,1,2,2541.0
72,2,1,2664.0
73,1,1,2571.0
1,1,73,2564.0
1,2,72,2611.0
1,3,71,2754.0
1,4,70,2578.0
1,5,69,2573.0
1,6,68,2426.0
1,7,67,2590.0
1,8,66,2576.0
1,9,65,2620.0
1,10,64,2565.0
1,11,63,2478.0
1,12,62,2421.0
1,13,61,2501.0
1,14,60,2483.0
1,15,59,2484.0
1,16,58,2668.0
1,17,57,2686.0
1,18,56,2615.0
1,19,55,2616.0
1,20,54,2517.0
1,21,53,2781.0
1,22,52,2701.0
1,23,51,2622.0
1,24,50,2597.0
1,25,49,2857.0
1,26,48,2756.0
1,27,47,2729.0
1,28,46,2770.0
1,29,45,2850.0
1,30,44,2806.0
1,31,43,2953.0
1,32,42,2919.0
1,33,41,2893.0
1,34,40,2898.0
1,35,39,2951.0
1,36,38,3051.0
1,37,37,3068.0
1,38,36,3181.0
1,39,35,3134.0
1,40,34,3151.0
1,41,33,3172.0
1,42,32,3280.0
1,43,31,3221.0
1,44,30,3243.0
1,45,29,3267.0
1,46,28,3413.0
1,47,27,3289.0
1,48,26,3497.0
1,49,25,3494.0
1,50,24,3588.0
1,51,23,3485.0
1,52,22,3557.0
1,53,21,3656.0
1,54,20,3698.0
1,55,19,3690.0
1,56,18,3797.0
1,57,17,3871.0
1,58,16,3779.0
1,59,15,3864.0
1,60,14,3826.0
1,61,13,3802.0
1,62,12,3803.0
1,63,11,4013.0
1,64,10,4075.0
1,65,9,4241.0
1,66,8,4177.0
1,67,7,4095.0
1,68,6,4216.0
1,69,5,4189.0
1,70,4,4259.0
1,71,3,4210.0
1,72,2,4280.0
1,73,1,4205.0
2,1,72,2566.0
2,2,71,2568.0
2,3,70,2535.0
2,4,69,2597.0
2,5,68,2560.0
2,6,67,2568.0
2,7,66,2613.0
2,8,65,2386.0
2,9,64,2507.0
2,10,63,2549.0
2,11,62,2521.0
2,12,61,2615.0
2,13,60,2549.0
2,14,59,2596.0
2,15,58,2598.0
2,16,57,2408.0
2,17,56,2403.0
2,18,55,2687.0
2,19,54,2549.0
2,20,53,2629.0
2,21,52,2505.0
2,22,51,2763.0
2,23,50,2570.0
2,24,49,2714.0
2,25,48,2678.0
2,26,47,2717.0
2,27,46,2672.0
2,28,45,2898.0
2,29,44,2763.0
2,30,43,2843.0
2,31,42,2944.0
2,32,41,2781.0
2,33,40,2921.0
2,34,39,3050.0
2,35,38,3025.0
2,36,37,3043.0
2,37,36,3119.0
2,38,35,3075.0
2,39,34,3060.0
2,40,33,3137.0
2,41,32,3187.0
2,42,31,3115.0
2,43,30,3265.0
2,44,29,3374.0
2,45,28,3414.0
2,46,27,3397.0
2,47,26,3526.0
2,48,25,3571.0
2,49,24,3486.0
2,50,23,3522.0
2,51,22,3560.0
2,52,21,3541.0
2,53,20,3576.0
2,54,19,3657.0
2,55,18,3668.0
2,56,17,3729.0
2,57,16,3777.0
2,58,15,3836.0
2,59,14,3847.0
2,60,13,3866.0
2,61,12,3895.0
2,62,11,3924.0
2,63,10,4016.0
2,64,9,4084.0
2,65,8,4113.0
2,66,7,4065.0
2,67,6,4103.0
2,68,5,4137.0
2,69,4,4291.0
2,70,3,4249.0
2,71,2,4218.0
2,72,1,4337.0
3,1,71,2647.0
3,2,70,2506.0
3,3,69,2556.0
3,4,68,2515.0
3,5,67,2519.0
3,6,66,2383.0
3,7,65,2470.0
3,8,64,2409.0
3,9,63,2448.0
3,10,62,2477.0
3,11,61,2326.0
3,12,60,2485.0
3,13,59,2598.0
3,14,58,2511.0
3,15,57,2519.0
3,16,56,2392.0
3,17,55,2604.0
3,18,54,2517.0
3,19,53,2518.0
3,20,52,2536.0
3,21,51,2658.0
3,22,50,2695.0
3,23,49,2545.0
3,24,48,2711.0
3,25,47,2728.0
3,26,46,2583.0
3,27,45,2733.0
3,28,44,2701.0
3,29,43,2780.0
3,30,42,2755.0
3,31,41,2886.0
3,32,40,2923.0
3,33,39,2792.0
3,34,38,2868.0
3,35,37,3055.0
3,36,36,3016.0
3,37,35,3221.0
3,38,34,3018.0
3,39,33,3168.0
3,40,32,3003.0
3,41,31,3180.0
3,42,30,3324.0
3,43,29,3405.0
3,44,28,3217.0
3,45,27,3260.0
3,46,26,3309.0
3,47,25,3338.0
3,48,24,3387.0
3,49,23,3418.0
3,50,22,3444.0
3,51,21,3419.0
3,52,20,3539.0
3,53,19,3696.0
3,54,18,3683.0
3,55,17,3761.0
3,56,16,3624.0
3,57,15,3806.0
3,58,14,3749.0
3,59,13,3730.0
3,60,12,3914.0
3,61,11,3758.0
3,62,10,4125.0
3,63,9,3960.0
3,64,8,4040.0
3,65,7,4089.0
3,66,6,4059.0
3,67,5,4186.0
3,68,4,4257.0
3,69,3,4147.0
3,70,2,4180.0
3,71,1,4114.0
4,1,70,2719.0
4,2,69,2538.0
4,3,68,2482.0
4,4,67,2555.0
4,5,66,2570.0
4,6,65,2512.0
4,7,64,2568.0
4,8,63,2439.0
4,9,62,2477.0
4,10,61,2446.0
4,11,60,2386.0
4,12,59,2412.0
4,13,58,2387.0
4,14,57,2408.0
4,15,56,2461.0
4,16,55,2411.0
4,17,54,2447.0
4,18,53,2523.0
4,19,52,2444.0
4,20,51,2606.0
4,21,50,2658.0
4,22,49,2587.0
4,23,48,2623.0
4,24,47,2601.0
4,25,46,2742.0
4,26,45,2840.0
4,27,44,2786.0
4,28,43,2767.0
4,29,42,2764.0
4,30,41,2900.0
4,31,40,2831.0
4,32,39,2960.0
4,33,38,2903.0
4,34,37,2875.0
4,35,36,2896.0
4,36,35,2941.0
4,37,34,3027.0
4,38,33,3125.0
4,39,32,3123.0
4,40,31,3139.0
4,41,30,3168.0
4,42,29,3190.0
4,43,28,3282.0
4,44,27,3302.0
4,45,26,3237.0
4,46,25,3275.0
4,47,24,3388.0
4,48,23,3429.0
4,49,22,3392.0
4,50,21,3491.0
4,51,20,3542.0
4,52,19,3527.0
4,53,18,3612.0
4,54,17,3566.0
4,55,16,3637.0
4,56,15,3645.0
4,57,14,3834.0
4,58,13,3719.0
4,59,12,3793.0
4,60,11,3778.0
4,61,10,3990.0
4,62,9,3916.0
4,63,8,3864.0
4,64,7,3835.0
4,65,6,3891.0
4,66,5,4043.0
4,67,4,4135.0
4,68,3,4104.0
4,69,2,4075.0
4,70,1,4296.0
5,1,69,2515.0
5,2,68,2554.0
5,3,67,2460.0
5,4,66,2549.0
5,5,65,2441.0
5,6,64,2570.0
5,7,63,2390.0
5,8,62,2510.0
5,9,61,2522.0
5,10,60,2323.0
5,11,59,2450.0
5,12,58,2463.0
5,13,57,2445.0
5,14,56,2448.0
5,15,55,2526.0
5,16,54,2412.0
5,17,53,2592.0
5,18,52,2617.0
5,19,51,2576.0
5,20,50,2446.0
5,21,49,2741.0
5,22,48,2636.0
5,23,47,2729.0
5,24,46,2646.0
5,25,45,2694.0
5,26,44,2685.0
5,27,43,2598.0
5,28,42,2859.0
5,29,41,2756.0
5,30,40,2793.0
5,31,39,2826.0
5,32,38,2924.0
5,33,37,2862.0
5,34,36,2946.0
5,35,35,2981.0
5,36,34,3134.0
5,37,33,2925.0
5,38,32,3112.0
5,39,31,2983.0
5,40,30,3119.0
5,41,29,3142.0
5,42,28,3181.0
5,43,27,3207.0
5,44,26,3314.0
5,45,25,3260.0
5,46,24,3348.0
5,47,23,3291.0
5,48,22,3296.0
5,49,21,3389.0
5,50,20,3568.0
5,51,19,3504.0
5,52,18,3617.0
5,53,17,3638.0
5,54,16,3701.0
5,55,15,3646.0
5,56,14,3729.0
5,57,13,3688.0
5,58,12,3769.0
5,59,11,3961.0
5,60,10,3843.0
5,61,9,3750.0
5,62,8,3962.0
5,63,7,3963.0
5,64,6,3994.0
5,65,5,3989.0
5,66,4,4025.0
5,67,3,4052.0
5,68,2,4050.0
5,69,1,4208.0
6,1,68,2593.0
6,2,67,2455.0
6,3,66,2545.0
6,4,65,2488.0
6,5,64,2703.0
6,6,63,2425.0
6,7,62,2556.0
6,8,61,2466.0
6,9,60,2412.0
6,10,59,2426.0
6,11,58,2502.0
6,12,57,2362.0
6,13,56,2460.0
6,14,55,2461.0
6,15,54,2555.0
6,16,53,2472.0
6,17,52,2548.0
6,18,51,2508.0
6,19,50,2578.0
6,20,49,2509.0
6,21,48,2579.0
6,22,47,2668.0
6,23,46,2619.0
6,24,45,2715.0
6,25,44,2583.0
6,26,43,2804.0
6,27,42,2665.0
6,28,41,2899.0
6,29,40,2851.0
6,30,39,2646.0
6,31,38,2961.0
6,32,37,2882.0
6,33,36,2976.0
6,34,35,2944.0
6,35,34,3072.0
6,36,33,2864.0
6,37,32,3151.0
6,38,31,3046.0
6,39,30,3092.0
6,40,29,3066.0
6,41,28,3169.0
6,42,27,3216.0
6,43,26,3183.0
6,44,25,3336.0
6,45,24,3217.0
6,46,23,3370.0
6,47,22,3398.0
6,48,21,3349.0
6,49,20,3368.0
6,50,19,3451.0
6,51,18,3440.0
6,52,17,3516.0
6,53,16,3517.0
6,54,15,3641.0
6,55,14,3605.0
6,56,13,3769.0
6,57,12,3700.0
6,58,11,3746.0
6,59,10,3666.0
6,60,9,3820.0
6,61,8,3856.0
6,62,7,3876.0
6,63,6,3963.0
6,64,5,4070.0
6,65,4,4051.0
6,66,3,3994.0
6,67,2,4044.0
6,68,1,4052.0
7,1,67,2390.0
7,2,66,2527.0
7,3,65,2364.0
7,4,64,2431.0
7,5,63,2452.0
7,6,62,2494.0
7,7,61,2452.0
7,8,60,2469.0
7,9,59,2413.0
7,10,58,2424.0
7,11,57,2510.0
7,12,56,2245.0
7,13,55,2419.0
7,14,54,2386.0
7,15,53,2598.0
7,16,52,2422.0
7,17,51,2503.0
7,18,50,2569.0
7,19,49,2453.0
7,20,48,2591.0
7,21,47,2492.0
7,22,46,2558.0
7,23,45,2653.0
7,24,44,2709.0
7,25,43,2613.0
7,26,42,2573.0
7,27,41,2709.0
7,28,40,2809.0
7,29,39,2811.0
7,30,38,2809.0
7,31,37,2736.0
7,32,36,2903.0
7,33,35,2907.0
7,34,34,3016.0
7,35,33,2924.0
7,36,32,2967.0
7,37,31,3053.0
7,38,30,3054.0
7,39,29,3057.0
7,40,28,3193.0
7,41,27,3138.0
7,42,26,3085.0
7,43,25,3369.0
7,44,24,3284.0
7,45,23,3218.0
7,46,22,3424.0
7,47,21,3470.0
7,48,20,3429.0
7,49,19,3442.0
7,50,18,3382.0
7,51,17,3505.0
7,52,16,3565.0
7,53,15,3547.0
7,54,14,3624.0
7,55,13,3630.0
7,56,12,3797.0
7,57,11,3793.0
7,58,10,3779.0
7,59,9,3832.0
7,60,8,3889.0
7,61,7,3676.0
7,62,6,3850.0
7,63,5,3911.0
7,64,4,3967.0
7,65,3,4067.0
7,66,2,4068.0
7,67,1,4036.0
8,1,66,2476.0
8,2,65,2387.0
8,3,64,2484.0
8,4,63,2503.0
8,5,62,2445.0
8,6,61,2231.0
8,7,60,2409.0
8,8,59,2479.0
8,9,58,2420.0
8,10,57,2430.0
8,11,56,2444.0
8,12,55,2350.0
8,13,54,2411.0
8,14,53,2390.0
8,15,52,2469.0
8,16,51,2423.0
8,17,50,2347.0
8,18,49,2565.0
8,19,48,2415.0
8,20,47,2428.0
8,21,46,2545.0
8,22,45,2397.0
8,23,44,2626.0
8,24,43,2691.0
8,25,42,2743.0
8,26,41,2733.0
8,27,40,2633.0
8,28,39,2741.0
8,29,38,2672.0
8,30,37,2634.0
8,31,36,2780.0
8,32,35,2859.0
8,33,34,2830.0
8,34,33,2890.0
8,35,32,2799.0
8,36,31,2990.0
8,37,30,2971.0
8,38,29,3028.0
8,39,28,3131.0
8,40,27,3248.0
8,41,26,3201.0
8,42,25,3204.0
8,43,24,3247.0
8,44,23,3230.0
8,45,22,3281.0
8,46,21,3332.0
8,47,20,3422.0
8,48,19,3439.0
8,49,18,3441.0
8,50,17,3532.0
8,51,16,3609.0
8,52,15,3630.0
8,53,14,3626.0
8,54,13,3578.0
8,55,12,3697.0
8,56,11,3721.0
8,57,10,3778.0
8,58,9,3663.0
8,59,8,3927.0
8,60,7,3869.0
8,61,6,3829.0
8,62,5,3907.0
8,63,4,3915.0
8,64,3,3950.0
8,65,2,3980.0
8,66,1,3962.0
9,1,65,2506.0
9,2,64,2493.0
9,3,63,2395.0
9,4,62,2334.0
9,5,61,2437.0
9,6,60,2371.0
9,7,59,2477.0
9,8,58,2633.0
9,9,57,2330.0
9,10,56,2386.0
9,11,55,2411.0
9,12,54,2294.0
9,13,53,2339.0
9,14,52,2583.0
9,15,51,2389.0
9,16,50,2408.0
9,17,49,2458.0
9,18,48,2481.0
9,19,47,2455.0
9,20,46,2456.0
9,21,45,2493.0
9,22,44,2600.0
9,23,43,2768.0
9,24,42,2533.0
9,25,41,2664.0
9,26,40,2641.0
9,27,39,2538.0
9,28,38,2823.0
9,29,37,2728.0
9,30,36,2851.0
9,31,35,2827.0
9,32,34,2799.0
9,33,33,2730.0
9,34,32,2818.0
9,35,31,2992.0
9,36,30,2990.0
9,37,29,3103.0
9,38,28,3048.0
9,39,27,3120.0
9,40,26,3055.0
9,41,25,2969.0
9,42,24,3272.0
9,43,23,3266.0
9,44,22,3291.0
9,45,21,3272.0
9,46,20,3327.0
9,47,19,3456.0
9,48,18,3396.0
9,49,17,3514.0
9,50,16,3542.0
9,51,15,3477.0
9,52,14,3587.0
9,53,13,3572.0
9,54,12,3697.0
9,55,11,3563.0
9,56,10,3649.0
9,57,9,3601.0
9,58,8,3793.0
9,59,7,3904.0
9,60,6,3878.0
9,61,5,3786.0
9,62,4,3895.0
9,63,3,3851.0
9,64,2,3940.0
9,65,1,4098.0
10,1,64,2507.0
10,2,63,2526.0
10,3,62,2542.0
10,4,61,2441.0
10,5,60,2497.0
10,6,59,2487.0
10,7,58,2497.0
10,8,57,2380.0
10,9,56,2509.0
10,10,55,2468.0
10,11,54,2424.0
10,12,53,2305.0
10,13,52,2306.0
10,14,51,2514.0
10,15,50,2547.0
10,16,49,2423.0
10,17,48,2420.0
10,18,47,2384.0
10,19,46,2434.0
10,20,45,2590.0
10,21,44,2499.0
10,22,43,2521.0
10,23,42,2624.0
10,24,41,2624.0
10,25,40,2685.0
10,26,39,2650.0
10,27,38,2637.0
10,28,37,2685.0
10,29,36,2837.0
10,30,35,2760.0
10,31,34,2825.0
10,32,33,2759.0
10,33,32,2881.0
10,34,31,2859.0
10,35,30,2924.0
10,36,29,3002.0
10,37,28,2935.0
10,38,27,2990.0
10,39,26,3098.0
10,40,25,3168.0
10,41,24,3185.0
10,42,23,3011.0
10,43,22,3217.0
10,44,21,3184.0
10,45,20,3392.0
10,46,19,3379.0
10,47,18,3340.0
10,48,17,3377.0
10,49,16,3375.0
10,50,15,3468.0
10,51,14,3567.0
10,52,13,3666.0
10,53,12,3557.0
10,54,11,3549.0
10,55,10,3651.0
10,56,9,3706.0
10,57,8,3726.0
10,58,7,3792.0
10,59,6,3899.0
10,60,5,3805.0
10,61,4,3962.0
10,62,3,3870.0
10,63,2,4042.0
10,64,1,3974.0
11,1,63,2387.0
11,2,62,2447.0
11,3,61,2396.0
11,4,60,2304.0
11,5,59,2458.0
11,6,58,2389.0
11,7,57,2298.0
11,8,56,2505.0
11,9,55,2367.0
11,10,54,2478.0
11,11,53,2523.0
11,12,52,2342.0
11,13,51,2441.0
11,14,50,2557.0
11,15,49,2281.0
11,16,48,2557.0
11,17,47,2404.0
11,18,46,2328.0
11,19,45,2667.0
11,20,44,2541.0
11,21,43,2535.0
11,22,42,2529.0
11,23,41,2614.0
11,24,40,2598.0
11,25,39,2526.0
11,26,38,2707.0
11,27,37,2698.0
11,28,36,2634.0
11,29,35,2748.0
11,30,34,2827.0
11,31,33,2689.0
11,32,32,2827.0
11,33,31,2920.0
11,34,30,2794.0
11,35,29,2969.0
11,36,28,3042.0
11,37,27,3064.0
11,38,26,3135.0
11,39,25,2955.0
11,40,24,3053.0
11,41,23,3192.0
11,42,22,3141.0
11,43,21,3149.0
11,44,20,3230.0
11,45,19,3199.0
11,46,18,3263.0
11,47,17,3352.0
11,48,16,3420.0
11,49,15,3382.0
11,50,14,3402.0
11,51,13,3502.0
11,52,12,3520.0
11,53,11,3436.0
11,54,10,3711.0
11,55,9,3619.0
11,56,8,3765.0
11,57,7,3705.0
11,58,6,3717.0
11,59,5,3840.0
11,60,4,3803.0
11,61,3,3770.0
11,62,2,3761.0
11,63,1,3861.0
12,1,62,2429.0
12,2,61,2404.0
12,3,60,2424.0
12,4,59,2336.0
12,5,58,2410.0
12,6,57,2284.0
12,7,56,2462.0
12,8,55,2293.0
12,9,54,2311.0
12,10,53,2336.0
12,11,52,2351.0
12,12,51,2400.0
12,13,50,2410.0
12,14,49,2356.0
12,15,48,2385.0
12,16,47,2539.0
12,17,46,2309.0
12,18,45,2386.0
12,19,44,2416.0
12,20,43,2639.0
12,21,42,2459.0
12,22,41,2655.0
12,23,40,2708.0
12,24,39,2637.0
12,25,38,2562.0
12,26,37,2770.0
12,27,36,2766.0
12,28,35,2753.0
12,29,34,2751.0
12,30,33,2762.0
12,31,32,2794.0
12,32,31,2871.0
12,33,30,2906.0
12,34,29,2851.0
12,35,28,2892.0
12,36,27,2962.0
12,37,26,3126.0
12,38,25,2983.0
12,39,24,2943.0
12,40,23,3167.0
12,41,22,3061.0
12,42,21,3108.0
12,43,20,3111.0
12,44,19,3398.0
12,45,18,3260.0
12,46,17,3302.0
12,47,16,3341.0
12,48,15,3232.0
12,49,14,3437.0
12,50,13,3628.0
12,51,12,3482.0
12,52,11,3557.0
12,53,10,3634.0
12,54,9,3599.0
12,55,8,3597.0
12,56,7,3748.0
12,57,6,3771.0
12,58,5,3875.0
12,59,4,3705.0
12,60,3,3841.0
12,61,2,3918.0
12,62,1,3877.0
13,1,61,2362.0
13,2,60,2330.0
13,3,59,2518.0
13,4,58,2392.0
13,5,57,2392.0
13,6,56,2409.0
13,7,55,2356.0
13,8,54,2330.0
13,9,53,2327.0
13,10,52,2462.0
13,11,51,2471.0
13,12,50,2459.0
13,13,49,2363.0
13,14,48,2417.0
13,15,47,2313.0
13,16,46,2486.0
13,17,45,2370.0
13,18,44,2517.0
13,19,43,2510.0
13,20,42,2478.0
13,21,41,2554.0
13,22,40,2433.0
13,23,39,2506.0
13,24,38,2567.0
13,25,37,2641.0
13,26,36,2512.0
13,27,35,2624.0
13,28,34,2598.0
13,29,33,2663.0
13,30,32,2817.0
13,31,31,2777.0
13,32,30,2801.0
13,33,29,2964.0
13,34,28,2964.0
13,35,27,3135.0
13,36,26,2970.0
13,37,25,3056.0
13,38,24,2951.0
13,39,23,3087.0
13,40,22,3041.0
13,41,21,3165.0
13,42,20,3229.0
13,43,19,3348.0
13,44,18,3286.0
13,45,17,3219.0
13,46,16,3073.0
13,47,15,3244.0
13,48,14,3407.0
13,49,13,3513.0
13,50,12,3503.0
13,51,11,3527.0
13,52,10,3482.0
13,53,9,3530.0
13,54,8,3516.0
13,55,7,3657.0
13,56,6,3588.0
13,57,5,3748.0
13,58,4,3789.0
13,59,3,3761.0
13,60,2,3823.0
13,61,1,3875.0
14,1,60,2449.0
14,2,59,2368.0
14,3,58,2476.0
14,4,57,2355.0
14,5,56,2347.0
14,6,55,2320.0
14,7,54,2410.0
14,8,53,2474.0
14,9,52,2368.0
14,10,51,2303.0
14,11,50,2356.0
14,12,49,2373.0
14,13,48,2224.0
14,14,47,2359.0
14,15,46,2430.0
14,16,45,2486.0
14,17,44,2433.0
14,18,43,2406.0
14,19,42,2444.0
14,20,41,2407.0
14,21,40,2722.0
14,22,39,2580.0
14,23,38,2554.0
14,24,37,2635.0
14,25,36,2541.0
14,26,35,2595.0
14,27,34,2618.0
14,28,33,2646.0
14,29,32,2690.0
14,30,31,2852.0
14,31,30,2845.0
14,32,29,2837.0
14,33,28,2863.0
14,34,27,2904.0
14,35,26,2944.0
14,36,25,2999.0
14,37,24,3000.0
14,38,23,3069.0
14,39,22,2961.0
14,40,21,3109.0
14,41,20,3174.0
14,42,19,3214.0
14,43,18,3237.0
14,44,17,3209.0
14,45,16,3271.0
14,46,15,3378.0
14,47,14,3321.0
14,48,13,3298.0
14,49,12,3387.0
14,50,11,3383.0
14,51,10,3485.0
14,52,9,3476.0
14,53,8,3512.0
14,54,7,3662.0
14,55,6,3635.0
14,56,5,3680.0
14,57,4,3738.0
14,58,3,3675.0
14,59,2,3803.0
14,60,1,3754.0
15,1,59,2254.0
15,2,58,2381.0
15,3,57,2489.0
15,4,56,2373.0
15,5,55,2359.0
15,6,54,2494.0
15,7,53,2320.0
15,8,52,2272.0
15,9,51,2495.0
15,10,50,2375.0
15,11,49,2451.0
15,12,48,2447.0
15,13,47,2390.0
15,14,46,2302.0
15,15,45,2372.0
15,16,44,2540.0
15,17,43,2430.0
15,18,42,2432.0
15,19,41,2456.0
15,20,40,2504.0
15,21,39,2457.0
15,22,38,2544.0
15,23,37,2557.0
15,24,36,2646.0
15,25,35,2532.0
15,26,34,2726.0
15,27,33,2532.0
15,28,32,2762.0
15,29,31,2741.0
15,30,30,2815.0
15,31,29,2727.0
15,32,28,2696.0
15,33,27,2854.0
15,34,26,2847.0
15,35,25,2855.0
15,36,24,2933.0
15,37,23,3050.0
15,38,22,2984.0
15,39,21,3086.0
15,40,20,3167.0
15,41,19,3133.0
15,42,18,3251.0
15,43,17,3238.0
15,44,16,3377.0
15,45,15,3193.0
15,46,14,3232.0
15,47,13,3261.0
15,48,12,3285.0
15,49,11,3354.0
15,50,10,3435.0
15,51,9,3516.0
15,52,8,3526.0
15,53,7,3705.0
15,54,6,3574.0
15,55,5,3573.0
15,56,4,3694.0
15,57,3,3670.0
15,58,2,3670.0
15,59,1,3780.0
16,1,58,2304.0
16,2,57,2359.0
16,3,56,2359.0
16,4,55,2307.0
16,5,54,2462.0
16,6,53,2340.0
16,7,52,2314.0
16,8,51,2486.0
16,9,50,2492.0
16,10,49,2421.0
16,11,48,2222.0
16,12,47,2468.0
16,13,46,2388.0
16,14,45,2346.0
16,15,44,2460.0
16,16,43,2383.0
16,17,42,2379.0
16,18,41,2539.0
16,19,40,2538.0
16,20,39,2482.0
16,21,38,2525.0
16,22,37,2443.0
16,23,36,2642.0
16,24,35,2474.0
16,25,34,2660.0
16,26,33,2662.0
16,27,32,2625.0
16,28,31,2711.0
16,29,30,2712.0
16,30,29,2740.0
16,31,28,2770.0
16,32,27,2799.0
16,33,26,2844.0
16,34,25,2992.0
16,35,24,2849.0
16,36,23,2951.0
16,37,22,3041.0
16,38,21,3053.0
16,39,20,3058.0
16,40,19,3148.0
16,41,18,2956.0
16,42,17,3189.0
16,43,16,3137.0
16,44,15,3219.0
16,45,14,3148.0
16,46,13,3385.0
16,47,12,3381.0
16,48,11,3362.0
16,49,10,3394.0
16,50,9,3417.0
16,51,8,3460.0
16,52,7,3607.0
16,53,6,3639.0
16,54,5,3543.0
16,55,4,3628.0
16,56,3,3575.0
16,57,2,3714.0
16,58,1,3717.0
17,1,57,2345.0
17,2,56,2353.0
17,3,55,2408.0
17,4,54,2395.0
17,5,53,2304.0
17,6,52,2271.0
17,7,51,2173.0
17,8,50,2321.0
17,9,49,2268.0
17,10,48,2388.0
17,11,47,2303.0
17,12,46,2460.0
17,13,45,2279.0
17,14,44,2457.0
17,15,43,2466.0
17,16,42,2565.0
17,17,41,2382.0
17,18,40,2349.0
17,19,39,2488.0
17,20,38,2489.0
17,21,37,2505.0
17,22,36,2449.0
17,23,35,2526.0
17,24,34,2642.0
17,25,33,2571.0
17,26,32,2638.0
17,27,31,2644.0
17,28,30,2691.0
17,29,29,2802.0
17,30,28,2730.0
17,31,27,2623.0
17,32,26,2702.0
17,33,25,2857.0
17,34,24,2848.0
17,35,23,2888.0
17,36,22,2929.0
17,37,21,3048.0
17,38,20,2987.0
17,39,19,3067.0
17,40,18,3297.0
17,41,17,3191.0
17,42,16,3250.0
17,43,15,3053.0
17,44,14,3158.0
17,45,13,3275.0
17,46,12,3345.0
17,47,11,3277.0
17,48,10,3389.0
17,49,9,3284.0
17,50,8,3514.0
17,51,7,3524.0
17,52,6,3341.0
17,53,5,3543.0
17,54,4,3663.0
17,55,3,3544.0
17,56,2,3783.0
17,57,1,3689.0
18,1,56,2186.0
18,2,55,2314.0
18,3,54,2271.0
18,4,53,2445.0
18,5,52,2190.0
18,6,51,2399.0
18,7,50,2415.0
18,8,49,2294.0
18,9,48,2456.0
18,10,47,2402.0
18,11,46,2330.0
18,12,45,2348.0
18,13,44,2413.0
18,14,43,2399.0
18,15,42,2405.0
18,16,41,2434.0
18,17,40,2446.0
18,18,39,2349.0
18,19,38,2325.0
18,20,37,2460.0
18,21,36,2449.0
18,22,35,2576.0
18,23,34,2648.0
18,24,33,2554.0
18,25,32,2551.0
18,26,31,2592.0
18,27,30,2688.0
18,28,29,2557.0
18,29,28,2710.0
18,30,27,2697.0
18,31,26,2674.0
18,32,25,2806.0
18,33,24,2935.0
18,34,23,2939.0
18,35,22,2806.0
18,36,21,2972.0
18,37,20,2927.0
18,38,19,2910.0
18,39,18,3120.0
18,40,17,3172.0
18,41,16,3127.0
18,42,15,3292.0
18,43,14,3304.0
18,44,13,3181.0
18,45,12,3126.0
18,46,11,3419.0
18,47,10,3333.0
18,48,9,3486.0
18,49,8,3339.0
18,50,7,3450.0
18,51,6,3534.0
18,52,5,3622.0
18,53,4,3586.0
18,54,3,3664.0
18,55,2,3652.0
18,56,1,3537.0
19,1,55,2326.0
19,2,54,2281.0
19,3,53,2392.0
19,4,52,2244.0
19,5,51,2412.0
19,6,50,2375.0
19,7,49,2233.0
19,8,48,2323.0
19,9,47,2471.0
19,10,46,2426.0
19,11,45,2309.0
19,12,44,2347.0
19,13,43,2396.0
19,14,42,2384.0
19,15,41,2312.0
19,16,40,2403.0
19,17,39,2362.0
19,18,38,2395.0
19,19,37,2557.0
19,20,36,2435.0
19,21,35,2483.0
19,22,34,2529.0
19,23,33,2434.0
19,24,32,2686.0
19,25,31,2599.0
19,26,30,2488.0
19,27,29,2550.0
19,28,28,2522.0
19,29,27,2721.0
19,30,26,2727.0
19,31,25,2860.0
19,32,24,2886.0
19,33,23,2853.0
19,34,22,2809.0
19,35,21,2870.0
19,36,20,2947.0
19,37,19,3069.0
19,38,18,3016.0
19,39,17,2901.0
19,40,16,3051.0
19,41,15,3143.0
19,42,14,3197.0
19,43,13,3210.0
19,44,12,3291.0
19,45,11,3303.0
19,46,10,3226.0
19,47,9,3435.0
19,48,8,3390.0
19,49,7,3303.0
19,50,6,3453.0
19,51,5,3447.0
19,52,4,3633.0
19,53,3,3538.0
19,54,2,3526.0
19,55,1,3775.0
20,1,54,2291.0
20,2,53,2310.0
20,3,52,2365.0
20,4,51,2302.0
20,5,50,2393.0
20,6,49,2369.0
20,7,48,2279.0
20,8,47,2218.0
20,9,46,2239.0
20,10,45,2278.0
20,11,44,2239.0
20,12,43,2414.0
20,13,42,2391.0
20,14,41,2405.0
20,15,40,2299.0
20,16,39,2346.0
20,17,38,2436.0
20,18,37,2404.0
20,19,36,2414.0
20,20,35,2583.0
20,21,34,2365.0
20,22,33,2482.0
20,23,32,2551.0
20,24,31,2609.0
20,25,30,2691.0
20,26,29,2577.0
20,27,28,2503.0
20,28,27,2786.0
20,29,26,2789.0
20,30,25,2769.0
20,31,24,2773.0
20,32,23,2693.0
20,33,22,2778.0
20,34,21,2808.0
20,35,20,2965.0
20,36,19,2817.0
20,37,18,2984.0
20,38,17,2978.0
20,39,16,2987.0
20,40,15,3019.0
20,41,14,3232.0
20,42,13,3036.0
20,43,12,3168.0
20,44,11,3201.0
20,45,10,3152.0
20,46,9,3342.0
20,47,8,3282.0
20,48,7,3409.0
20,49,6,3290.0
20,50,5,3465.0
20,51,4,3463.0
20,52,3,3496.0
20,53,2,3609.0
20,54,1,3725.0
21,1,53,2287.0
21,2,52,2321.0
21,3,51,2359.0
21,4,50,2398.0
21,5,49,2454.0
21,6,48,2221.0
21,7,47,2569.0
21,8,46,2374.0
21,9,45,2296.0
21,10,44,2343.0
21,11,43,2370.0
21,12,42,2195.0
21,13,41,2364.0
21,14,40,2431.0
21,15,39,2405.0
21,16,38,2461.0
21,17,37,2483.0
21,18,36,2434.0
21,19,35,2465.0
21,20,34,2473.0
21,21,33,2503.0
21,22,32,2531.0
21,23,31,2658.0
21,24,30,2617.0
21,25,29,2728.0
21,26,28,2600.0
21,27,27,2820.0
21,28,26,2683.0
21,29,25,2697.0
21,30,24,2751.0
21,31,23,2800.0
21,32,22,2982.0
21,33,21,2853.0
21,34,20,2879.0
21,35,19,2933.0
21,36,18,2956.0
21,37,17,3032.0
21,38,16,3034.0
21,39,15,2909.0
21,40,14,3026.0
21,41,13,3175.0
21,42,12,3215.0
21,43,11,3172.0
21,44,10,3253.0
21,45,9,3205.0
21,46,8,3418.0
21,47,7,3319.0
21,48,6,3309.0
21,49,5,3324.0
21,50,4,3422.0
21,51,3,3536.0
21,52,2,3507.0
21,53,1,3517.0
22,1,52,2388.0
22,2,51,2414.0
22,3,50,2252.0
22,4,49,2373.0
22,5,48,2351.0
22,6,47,2185.0
22,7,46,2281.0
22,8,45,2491.0
22,9,44,2365.0
22,10,43,2408.0
22,11,42,2276.0
22,12,41,2488.0
22,13,40,2354.0
22,14,39,2311.0
22,15,38,2332.0
22,16,37,2316.0
22,17,36,2465.0
22,18,35,2345.0
22,19,34,2343.0
22,20,33,2496.0
22,21,32,2375.0
22,22,31,2485.0
22,23,30,2602.0
22,24,29,2527.0
22,25,28,2614.0
22,26,27,2613.0
22,27,26,2598.0
22,28,25,2720.0
22,29,24,2765.0
22,30,23,2722.0
22,31,22,2762.0
22,32,21,2986.0
22,33,20,2788.0
22,34,19,2916.0
22,35,18,2896.0
22,36,17,2925.0
22,37,16,2902.0
22,38,15,3018.0
22,39,14,2991.0
22,40,13,3090.0
22,41,12,3134.0
22,42,11,3186.0
22,43,10,3317.0
22,44,9,3180.0
22,45,8,3365.0
22,46,7,3344.0
22,47,6,3250.0
22,48,5,3364.0
22,49,4,3494.0
22,50,3,3426.0
22,51,2,3467.0
22,52,1,3489.0
23,1,51,2362.0
23,2,50,2241.0
23,3,49,2252.0
23,4,48,2285.0
23,5,47,2272.0
23,6,46,2363.0
23,7,45,2271.0
23,8,44,2399.0
23,9,43,2225.0
23,10,42,2265.0
23,11,41,2357.0
23,12,40,2300.0
23,13,39,2215.0
23,14,38,2453.0
23,15,37,2448.0
23,16,36,2283.0
23,17,35,2370.0
23,18,34,2411.0
23,19,33,2389.0
23,20,32,2552.0
23,21,31,2546.0
23,22,30,2341.0
23,23,29,2459.0
23,24,28,2596.0
23,25,27,2629.0
23,26,26,2556.0
23,27,25,2662.0
23,28,24,2739.0
23,29,23,2739.0
23,30,22,2741.0
23,31,21,2753.0
23,32,20,2767.0
23,33,19,2812.0
23,34,18,2829.0
23,35,17,2829.0
23,36,16,2982.0
23,37,15,2903.0
23,38,14,3015.0
23,39,13,3019.0
23,40,12,3119.0
23,41,11,3152.0
23,42,10,3077.0
23,43,9,3108.0
23,44,8,3118.0
23,45,7,3271.0
23,46,6,3269.0
23,47,5,3391.0
23,48,4,3310.0
23,49,3,3488.0
23,50,2,3435.0
23,51,1,3461.0
24,1,50,2205.0
24,2,49,2276.0
24,3,48,2245.0
24,4,47,2271.0
24,5,46,2275.0
24,6,45,2374.0
24,7,44,2397.0
24,8,43,2378.0
24,9,42,2261.0
24,10,41,2248.0
24,11,40,2326.0
24,12,39,2192.0
24,13,38,2322.0
24,14,37,2313.0
24,15,36,2321.0
24,16,35,2317.0
24,17,34,2379.0
24,18,33,2448.0
24,19,32,2524.0
24,20,31,2607.0
24,21,30,2537.0
24,22,29,2524.0
24,23,28,2512.0
24,24,27,2537.0
24,25,26,2583.0
24,26,25,2574.0
24,27,24,2717.0
24,28,23,2587.0
24,29,22,2692.0
24,30,21,2679.0
24,31,20,2768.0
24,32,19,2923.0
24,33,18,2831.0
24,34,17,2781.0
24,35,16,2927.0
24,36,15,2920.0
24,37,14,3003.0
24,38,13,2953.0
24,39,12,2942.0
24,40,11,3029.0
24,41,10,2951.0
24,42,9,3221.0
24,43,8,3114.0
24,44,7,3249.0
24,45,6,3246.0
24,46,5,3401.0
24,47,4,3248.0
24,48,3,3348.0
24,49,2,3516.0
24,50,1,3334.0
25,1,49,2373.0
25,2,48,2288.0
25,3,47,2360.0
25,4,46,2317.0
25,5,45,2278.0
25,6,44,2283.0
25,7,43,2427.0
25,8,42,2410.0
25,9,41,2322.0
25,10,40,2508.0
25,11,39,2380.0
25,12,38,2455.0
25,13,37,2213.0
25,14,36,2282.0
25,15,35,2562.0
25,16,34,2491.0
25,17,33,2405.0
25,18,32,2399.0
25,19,31,2396.0
25,20,30,2397.0
25,21,29,2402.0
25,22,28,2484.0
25,23,27,2552.0
25,24,26,2787.0
25,25,25,2664.0
25,26,24,2589.0
25,27,23,2731.0
25,28,22,2631.0
25,29,21,2758.0
25,30,20,2674.0
25,31,19,2664.0
25,32,18,2884.0
25,33,17,2793.0
25,34,16,2804.0
25,35,15,2813.0
25,36,14,3036.0
25,37,13,2988.0
25,38,12,3036.0
25,39,11,3045.0
25,40,10,3146.0
25,41,9,3062.0
25,42,8,3229.0
25,43,7,3235.0
25,44,6,3308.0
25,45,5,3414.0
25,46,4,3334.0
25,47,3,3168.0
25,48,2,3429.0
25,49,1,3280.0
26,1,48,2312.0
26,2,47,2310.0
26,3,46,2175.0
26,4,45,2343.0
26,5,44,2232.0
26,6,43,2347.0
26,7,42,2374.0
26,8,41,2438.0
26,9,40,2210.0
26,10,39,2128.0
26,11,38,2266.0
26,12,37,2305.0
26,13,36,2293.0
26,14,35,2430.0
26,15,34,2404.0
26,16,33,2380.0
26,17,32,2352.0
26,18,31,2377.0
26,19,30,2328.0
26,20,29,2472.0
26,21,28,2439.0
26,22,27,2588.0
26,23,26,2349.0
26,24,25,2527.0
26,25,24,2562.0
26,26,23,2646.0
26,27,22,2689.0
26,28,21,2746.0
26,29,20,2613.0
26,30,19,2722.0
26,31,18,2815.0
26,32,17,2823.0
26,33,16,2803.0
26,34,15,2951.0
26,35,14,3002.0
26,36,13,3053.0
26,37,12,3058.0
26,38,11,3060.0
26,39,10,3028.0
26,40,9,3087.0
26,41,8,3073.0
26,42,7,3075.0
26,43,6,3124.0
26,44,5,3195.0
26,45,4,3280.0
26,46,3,3428.0
26,47,2,3206.0
26,48,1,3487.0
27,1,47,2226.0
27,2,46,2271.0
27,3,45,2380.0
27,4,44,2200.0
27,5,43,2246.0
27,6,42,2220.0
27,7,41,2383.0
27,8,40,2403.0
27,9,39,2254.0
27,10,38,2286.0
27,11,37,2175.0
27,12,36,2465.0
27,13,35,2421.0
27,14,34,2435.0
27,15,33,2354.0
27,16,32,2348.0
27,17,31,2562.0
27,18,30,2261.0
27,19,29,2466.0
27,20,28,2528.0
27,21,27,2404.0
27,22,26,2424.0
27,23,25,2459.0
27,24,24,2684.0
27,25,23,2597.0
27,26,22,2608.0
27,27,21,2643.0
27,28,20,2718.0
27,29,19,2656.0
27,30,18,2706.0
27,31,17,2757.0
27,32,16,2804.0
27,33,15,2824.0
27,34,14,2819.0
27,35,13,2893.0
27,36,12,2974.0
27,37,11,2899.0
27,38,10,3001.0
27,39,9,3282.0
27,40,8,3046.0
27,41,7,2992.0
27,42,6,3321.0
27,43,5,3250.0
27,44,4,3413.0
27,45,3,3353.0
27,46,2,3358.0
27,47,1,3381.0
28,1,46,2322.0
28,2,45,2420.0
28,3,44,2148.0
28,4,43,2182.0
28,5,42,2312.0
28,6,41,2296.0
28,7,40,2348.0
28,8,39,2313.0
28,9,38,2330.0
28,10,37,2267.0
28,11,36,2403.0
28,12,35,2352.0
28,13,34,2389.0
28,14,33,2381.0
28,15,32,2467.0
28,16,31,2438.0
28,17,30,2526.0
28,18,29,2429.0
28,19,28,2368.0
28,20,27,2374.0
28,21,26,2478.0
28,22,25,2706.0
28,23,24,2637.0
28,24,23,2479.0
28,25,22,2566.0
28,26,21,2597.0
28,27,20,2642.0
28,28,19,2682.0
28,29,18,2625.0
28,30,17,2776.0
28,31,16,2765.0
28,32,15,2794.0
28,33,14,2963.0
28,34,13,2848.0
28,35,12,2848.0
28,36,11,2990.0
28,37,10,2841.0
28,38,9,2981.0
28,39,8,2977.0
28,40,7,3146.0
28,41,6,3051.0
28,42,5,3254.0
28,43,4,3128.0
28,44,3,3165.0
28,45,2,3184.0
28,46,1,3331.0
29,1,45,2256.0
29,2,44,2363.0
29,3,43,2383.0
29,4,42,2341.0
29,5,41,2463.0
29,6,40,2245.0
29,7,39,2216.0
29,8,38,2332.0
29,9,37,2277.0
29,10,36,2327.0
29,11,35,2234.0
29,12,34,2290.0
29,13,33,2369.0
29,14,32,2479.0
29,15,31,2457.0
29,16,30,2281.0
29,17,29,2353.0
29,18,28,2602.0
29,19,27,2404.0
29,20,26,2328.0
29,21,25,2368.0
29,22,24,2420.0
29,23,23,2419.0
29,24,22,2491.0
29,25,21,2653.0
29,26,20,2756.0
29,27,19,2688.0
29,28,18,2558.0
29,29,17,2808.0
29,30,16,2678.0
29,31,15,2753.0
29,32,14,2972.0
29,33,13,3017.0
29,34,12,3043.0
29,35,11,2965.0
29,36,10,2975.0
29,37,9,2946.0
29,38,8,2925.0
29,39,7,3045.0
29,40,6,3090.0
29,41,5,3094.0
29,42,4,3256.0
29,43,3,3212.0
29,44,2,3125.0
29,45,1,3326.0
30,1,44,2315.0
30,2,43,2314.0
30,3,42,2420.0
30,4,41,2392.0
30,5,40,2375.0
30,6,39,2309.0
30,7,38,2310.0
30,8,37,2196.0
30,9,36,2384.0
30,10,35,2314.0
30,11,34,2302.0
30,12,33,2444.0
30,13,32,2228.0
30,14,31,2372.0
30,15,30,2416.0
30,16,29,2507.0
30,17,28,2394.0
30,18,27,2341.0
30,19,26,2366.0
30,20,25,2521.0
30,21,24,2507.0
30,22,23,2475.0
30,23,22,2481.0
30,24,21,2518.0
30,25,20,2736.0
30,26,19,2568.0
30,27,18,2631.0
30,28,17,2731.0
30,29,16,2842.0
30,30,15,2640.0
30,31,14,2730.0
30,32,13,2919.0
30,33,12,2713.0
30,34,11,2932.0
30,35,10,2944.0
30,36,9,3090.0
30,37,8,2872.0
30,38,7,3052.0
30,39,6,3100.0
30,40,5,3194.0
30,41,4,3150.0
30,42,3,3180.0
30,43,2,3340.0
30,44,1,3287.0
31,1,43,2178.0
31,2,42,2201.0
31,3,41,2007.0
31,4,40,2422.0
31,5,39,2299.0
31,6,38,2230.0
31,7,37,2413.0
31,8,36,2339.0
31,9,35,2348.0
31,10,34,2380.0
31,11,33,2227.0
31,12,32,2322.0
31,13,31,2338.0
31,14,30,2329.0
31,15,29,2401.0
31,16,28,2224.0
31,17,27,2478.0
31,18,26,2589.0
31,19,25,2349.0
31,20,24,2482.0
31,21,23,2406.0
31,22,22,2686.0
31,23,21,2547.0
31,24,20,2599.0
31,25,19,2603.0
31,26,18,2585.0
31,27,17,2809.0
31,28,16,2669.0
31,29,15,2661.0
31,30,14,2689.0
31,31,13,2740.0
31,32,12,2863.0
31,33,11,2837.0
31,34,10,2858.0
31,35,9,2876.0
31,36,8,2921.0
31,37,7,2966.0
31,38,6,3013.0
31,39,5,3076.0
31,40,4,2989.0
31,41,3,3131.0
31,42,2,3030.0
31,43,1,3221.0
32,1,42,2107.0
32,2,41,2384.0
32,3,40,2278.0
32,4,39,2273.0
32,5,38,2217.0
32,6,37,2214.0
32,7,36,2334.0
32,8,35,2168.0
32,9,34,2267.0
32,10,33,2348.0
32,11,32,2325.0
32,12,31,2496.0
32,13,30,2473.0
32,14,29,2336.0
32,15,28,2234.0
32,16,27,2388.0
32,17,26,2405.0
32,18,25,2495.0
32,19,24,2360.0
32,20,23,2395.0
32,21,22,2559.0
32,22,21,2526.0
32,23,20,2525.0
32,24,19,2577.0
32,25,18,2532.0
32,26,17,2665.0
32,27,16,2695.0
32,28,15,2600.0
32,29,14,2747.0
32,30,13,2689.0
32,31,12,2745.0
32,32,11,2851.0
32,33,10,2889.0
32,34,9,2869.0
32,35,8,2925.0
32,36,7,3014.0
32,37,6,3187.0
32,38,5,2948.0
32,39,4,3012.0
32,40,3,3122.0
32,41,2,3103.0
32,42,1,3279.0
33,1,41,2277.0
33,2,40,2339.0
33,3,39,2205.0
33,4,38,2290.0
33,5,37,2404.0
33,6,36,2331.0
33,7,35,2227.0
33,8,34,2372.0
33,9,33,2394.0
33,10,32,2231.0
33,11,31,2342.0
33,12,30,2414.0
33,13,29,2368.0
33,14,28,2326.0
33,15,27,2414.0
33,16,26,2242.0
33,17,25,2403.0
33,18,24,2475.0
33,19,23,2411.0
33,20,22,2512.0
33,21,21,2496.0
33,22,20,2464.0
33,23,19,2360.0
33,24,18,2584.0
33,25,17,2582.0
33,26,16,2614.0
33,27,15,2593.0
33,28,14,2732.0
33,29,13,2742.0
33,30,12,2835.0
33,31,11,2889.0
33,32,10,2854.0
33,33,9,2772.0
33,34,8,2976.0
33,35,7,2989.0
33,36,6,2833.0
33,37,5,2976.0
33,38,4,3037.0
33,39,3,3031.0
33,40,2,3230.0
33,41,1,3147.0
34,1,40,2318.0
34,2,39,2262.0
34,3,38,2306.0
34,4,37,2369.0
34,5,36,2242.0
34,6,35,2229.0
34,7,34,2386.0
34,8,33,2382.0
34,9,32,2248.0
34,10,31,2370.0
34,11,30,2327.0
34,12,29,2424.0
34,13,28,2219.0
34,14,27,2473.0
34,15,26,2502.0
34,16,25,2392.0
34,17,24,2436.0
34,18,23,2516.0
34,19,22,2395.0
34,20,21,2511.0
34,21,20,2481.0
34,22,19,2515.0
34,23,18,2431.0
34,24,17,2511.0
34,25,16,2625.0
34,26,15,2604.0
34,27,14,2718.0
34,28,13,2605.0
34,29,12,2668.0
34,30,11,2839.0
34,31,10,2724.0
34,32,9,2891.0
34,33,8,2987.0
34,34,7,2990.0
34,35,6,2968.0
34,36,5,3189.0
34,37,4,3068.0
34,38,3,3075.0
34,39,2,3144.0
34,40,1,3238.0
35,1,39,2407.0
35,2,38,2317.0
35,3,37,2200.0
35,4,36,2363.0
35,5,35,2243.0
35,6,34,2280.0
35,7,33,2306.0
35,8,32,2398.0
35,9,31,2348.0
35,10,30,2321.0
35,11,29,2319.0
35,12,28,2356.0
35,13,27,2328.0
35,14,26,2345.0
35,15,25,2544.0
35,16,24,2327.0
35,17,23,2410.0
35,18,22,2428.0
35,19,21,2536.0
35,20,20,2402.0
35,21,19,2649.0
35,22,18,2473.0
35,23,17,2574.0
35,24,16,2546.0
35,25,15,2614.0
35,26,14,2587.0
35,27,13,2630.0
35,28,12,2724.0
35,29,11,2701.0
35,30,10,2833.0
35,31,9,2908.0
35,32,8,2820.0
35,33,7,2843.0
35,34,6,2768.0
35,35,5,2876.0
35,36,4,3073.0
35,37,3,2970.0
35,38,2,2913.0
35,39,1,2999.0
36,1,38,2565.0
36,2,37,2251.0
36,3,36,2125.0
36,4,35,2494.0
36,5,34,2338.0
36,6,33,2144.0
36,7,32,2211.0
36,8,31,2486.0
36,9,30,2408.0
36,10,29,2384.0
36,11,28,2366.0
36,12,27,2356.0
36,13,26,2404.0
36,14,25,2347.0
36,15,24,2382.0
36,16,23,2420.0
36,17,22,2387.0
36,18,21,2321.0
36,19,20,2461.0
36,20,19,2482.0
36,21,18,2611.0
36,22,17,2608.0
36,23,16,2564.0
36,24,15,2538.0
36,25,14,2546.0
36,26,13,2501.0
36,27,12,2652.0
36,28,11,2718.0
36,29,10,2674.0
36,30,9,2807.0
36,31,8,2759.0
36,32,7,2806.0
36,33,6,2891.0
36,34,5,2923.0
36,35,4,2931.0
36,36,3,2971.0
36,37,2,2951.0
36,38,1,3046.0
37,1,37,2378.0
37,2,36,2534.0
37,3,35,2133.0
37,4,34,2298.0
37,5,33,2192.0
37,6,32,2503.0
37,7,31,2301.0
37,8,30,2502.0
37,9,29,2485.0
37,10,28,2385.0
37,11,27,2477.0
37,12,26,2449.0
37,13,25,2448.0
37,14,24,2415.0
37,15,23,2405.0
37,16,22,2303.0
37,17,21,2417.0
37,18,20,2327.0
37,19,19,2515.0
37,20,18,2318.0
37,21,17,2620.0
37,22,16,2568.0
37,23,15,2570.0
37,24,14,2776.0
37,25,13,2708.0
37,26,12,2684.0
37,27,11,2649.0
37,28,10,2743.0
37,29,9,2727.0
37,30,8,2753.0
37,31,7,2787.0
37,32,6,2913.0
37,33,5,2935.0
37,34,4,2864.0
37,35,3,2844.0
37,36,2,2996.0
37,37,1,3049.0
38,1,36,2280.0
38,2,35,2325.0
38,3,34,2419.0
38,4,33,2497.0
38,5,32,2427.0
38,6,31,2386.0
38,7,30,2376.0
38,8,29,2398.0
38,9,28,2344.0
38,10,27,2455.0
38,11,26,2309.0
38,12,25,2433.0
38,13,24,2407.0
38,14,23,2240.0
38,15,22,2290.0
38,16,21,2344.0
38,17,20,2505.0
38,18,19,2514.0
38,19,18,2544.0
38,20,17,2408.0
38,21,16,2496.0
38,22,15,2588.0
38,23,14,2519.0
38,24,13,2672.0
38,25,12,2712.0
38,26,11,2715.0
38,27,10,2619.0
38,28,9,2722.0
38,29,8,2711.0
38,30,7,2813.0
38,31,6,2709.0
38,32,5,2817.0
38,33,4,2760.0
38,34,3,2958.0
38,35,2,2833.0
38,36,1,2991.0
39,1,35,2148.0
39,2,34,2312.0
39,3,33,2247.0
39,4,32,2387.0
39,5,31,2299.0
39,6,30,2420.0
39,7,29,2499.0
39,8,28,2405.0
39,9,27,2369.0
39,10,26,2469.0
39,11,25,2521.0
39,12,24,2332.0
39,13,23,2399.0
39,14,22,2417.0
39,15,21,2470.0
39,16,20,2294.0
39,17,19,2534.0
39,18,18,2459.0
39,19,17,2349.0
39,20,16,2463.0
39,21,15,2552.0
39,22,14,2604.0
39,23,13,2558.0
39,24,12,2616.0
39,25,11,2646.0
39,26,10,2541.0
39,27,9,2605.0
39,28,8,2626.0
39,29,7,2648.0
39,30,6,2767.0
39,31,5,2761.0
39,32,4,2878.0
39,33,3,2828.0
39,34,2,2843.0
39,35,1,2931.0
40,1,34,2306.0
40,2,33,2237.0
40,3,32,2267.0
40,4,31,2425.0
40,5,30,2228.0
40,6,29,2274.0
40,7,28,2281.0
40,8,27,2380.0
40,9,26,2397.0
40,10,25,2272.0
40,11,24,2308.0
40,12,23,2422.0
40,13,22,2346.0
40,14,21,2401.0
40,15,20,2390.0
40,16,19,2402.0
40,17,18,2566.0
40,18,17,2450.0
40,19,16,2564.0
40,20,15,2585.0
40,21,14,2481.0
40,22,13,2489.0
40,23,12,2644.0
40,24,11,2557.0
40,25,10,2702.0
40,26,9,2617.0
40,27,8,2664.0
40,28,7,2722.0
40,29,6,2792.0
40,30,5,2748.0
40,31,4,2829.0
40,32,3,2932.0
40,33,2,2908.0
40,34,1,2853.0
41,1,33,2243.0
41,2,32,2241.0
41,3,31,2339.0
41,4,30,2367.0
41,5,29,2201.0
41,6,28,2411.0
41,7,27,2385.0
41,8,26,2326.0
41,9,25,2330.0
41,10,24,2342.0
41,11,23,2424.0
41,12,22,2404.0
41,13,21,2373.0
41,14,20,2428.0
41,15,19,2390.0
41,16,18,2509.0
41,17,17,2434.0
41,18,16,2533.0
41,19,15,2541.0
41,20,14,2438.0
41,21,13,2600.0
41,22,12,2555.0
41,23,11,2714.0
41,24,10,2549.0
41,25,9,2692.0
41,26,8,2556.0
41,27,7,2720.0
41,28,6,2676.0
41,29,5,2636.0
41,30,4,2813.0
41,31,3,2719.0
41,32,2,2900.0
41,33,1,2889.0
42,1,32,2251.0
42,2,31,2464.0
42,3,30,2339.0
42,4,29,2348.0
42,5,28,2325.0
42,6,27,2426.0
42,7,26,2317.0
42,8,25,2347.0
42,9,24,2304.0
42,10,23,2483.0
42,11,22,2382.0
42,12,21,2502.0
42,13,20,2597.0
42,14,19,2461.0
42,15,18,2405.0
42,16,17,2435.0
42,17,16,2399.0
42,18,15,2429.0
42,19,14,2555.0
42,20,13,2534.0
42,21,12,2445.0
42,22,11,2492.0
42,23,10,2621.0
42,24,9,2732.0
42,25,8,2720.0
42,26,7,2654.0
42,27,6,2682.0
42,28,5,2794.0
42,29,4,2836.0
42,30,3,2822.0
42,31,2,2864.0
42,32,1,2889.0
43,1,31,2242.0
43,2,30,2284.0
43,3,29,2340.0
43,4,28,2323.0
43,5,27,2376.0
43,6,26,2385.0
43,7,25,2404.0
43,8,24,2319.0
43,9,23,2320.0
43,10,22,2294.0
43,11,21,2410.0
43,12,20,2246.0
43,13,19,2409.0
43,14,18,2359.0
43,15,17,2375.0
43,16,16,2474.0
43,17,15,2442.0
43,18,14,2528.0
43,19,13,2420.0
43,20,12,2464.0
43,21,11,2472.0
43,22,10,2657.0
43,23,9,2638.0
43,24,8,2740.0
43,25,7,2665.0
43,26,6,2673.0
43,27,5,2745.0
43,28,4,2696.0
43,29,3,2858.0
43,30,2,2781.0
43,31,1,2962.0
44,1,30,2234.0
44,2,29,2238.0
44,3,28,2270.0
44,4,27,2368.0
44,5,26,2209.0
44,6,25,2409.0
44,7,24,2264.0
44,8,23,2270.0
44,9,22,2358.0
44,10,21,2407.0
44,11,20,2283.0
44,12,19,2364.0
44,13,18,2456.0
44,14,17,2379.0
44,15,16,2448.0
44,16,15,2469.0
44,17,14,2537.0
44,18,13,2481.0
44,19,12,2518.0
44,20,11,2596.0
44,21,10,2581.0
44,22,9,2628.0
44,23,8,2767.0
44,24,7,2664.0
44,25,6,2675.0
44,26,5,2708.0
44,27,4,2666.0
44,28,3,2729.0
44,29,2,2723.0
44,30,1,2841.0
45,1,29,2274.0
45,2,28,2474.0
45,3,27,2319.0
45,4,26,2303.0
45,5,25,2361.0
45,6,24,2460.0
45,7,23,2358.0
45,8,22,2489.0
45,9,21,2393.0
45,10,20,2299.0
45,11,19,2528.0
45,12,18,2420.0
45,13,17,2310.0
45,14,16,2535.0
45,15,15,2499.0
45,16,14,2477.0
45,17,13,2482.0
45,18,12,2625.0
45,19,11,2528.0
45,20,10,2472.0
45,21,9,2530.0
45,22,8,2594.0
45,23,7,2548.0
45,24,6,2713.0
45,25,5,2576.0
45,26,4,2713.0
45,27,3,2726.0
45,28,2,2736.0
45,29,1,2782.0
46,1,28,2186.0
46,2,27,2360.0
46,3,26,2258.0
46,4,25,2433.0
46,5,24,2251.0
46,6,23,2312.0
46,7,22,2418.0
46,8,21,2376.0
46,9,20,2419.0
46,10,19,2470.0
46,11,18,2267.0
46,12,17,2449.0
46,13,16,2373.0
46,14,15,2435.0
46,15,14,2467.0
46,16,13,2523.0
46,17,12,2398.0
46,18,11,2529.0
46,19,10,2558.0
46,20,9,2557.0
46,21,8,2543.0
46,22,7,2660.0
46,23,6,2660.0
46,24,5,2723.0
46,25,4,2681.0
46,26,3,2725.0
46,27,2,2733.0
46,28,1,2832.0
47,1,27,2325.0
47,2,26,2413.0
47,3,25,2366.0
47,4,24,2322.0
47,5,23,2416.0
47,6,22,2435.0
47,7,21,2250.0
47,8,20,2344.0
47,9,19,2301.0
47,10,18,2366.0
47,11,17,2405.0
47,12,16,2462.0
47,13,15,2463.0
47,14,14,2472.0
47,15,13,2573.0
47,16,12,2577.0
47,17,11,2533.0
47,18,10,2599.0
47,19,9,2494.0
47,20,8,2603.0
47,21,7,2587.0
47,22,6,2620.0
47,23,5,2651.0
47,24,4,2658.0
47,25,3,2708.0
47,26,2,2689.0
47,27,1,2701.0
48,1,26,2295.0
48,2,25,2274.0
48,3,24,2544.0
48,4,23,2391.0
48,5,22,2278.0
48,6,21,2421.0
48,7,20,2271.0
48,8,19,2432.0
48,9,18,2431.0
48,10,17,2365.0
48,11,16,2398.0
48,12,15,2506.0
48,13,14,2569.0
48,14,13,2472.0
48,15,12,2571.0
48,16,11,2535.0
48,17,10,2500.0
48,18,9,2459.0
48,19,8,2517.0
48,20,7,2648.0
48,21,6,2668.0
48,22,5,2684.0
48,23,4,2587.0
48,24,3,2611.0
48,25,2,2719.0
48,26,1,2808.0
49,1,25,2245.0
49,2,24,2301.0
49,3,23,2494.0
49,4,22,2382.0
49,5,21,2282.0
49,6,20,2379.0
49,7,19,2526.0
49,8,18,2352.0
49,9,17,2510.0
49,10,16,2426.0
49,11,15,2513.0
49,12,14,2572.0
49,13,13,2382.0
49,14,12,2535.0
49,15,11,2571.0
49,16,10,2445.0
49,17,9,2649.0
49,18,8,2515.0
49,19,7,2667.0
49,20,6,2512.0
49,21,5,2546.0
49,22,4,2577.0
49,23,3,2768.0
49,24,2,2632.0
49,25,1,2667.0
50,1,24,2359.0
50,2,23,2378.0
50,3,22,2373.0
50,4,21,2470.0
50,5,20,2377.0
50,6,19,2520.0
50,7,18,2582.0
50,8,17,2469.0
50,9,16,2232.0
50,10,15,2349.0
50,11,14,2478.0
50,12,13,2469.0
50,13,12,2450.0
50,14,11,2364.0
50,15,10,2507.0
50,16,9,2572.0
50,17,8,2552.0
50,18,7,2470.0
50,19,6,2658.0
50,20,5,2563.0
50,21,4,2684.0
50,22,3,2636.0
50,23,2,2682.0
50,24,1,2735.0
51,1,23,2407.0
51,2,22,2373.0
51,3,21,2432.0
51,4,20,2371.0
51,5,19,2340.0
51,6,18,2332.0
51,7,17,2357.0
51,8,16,2508.0
51,9,15,2485.0
51,10,14,2414.0
51,11,13,2418.0
51,12,12,2456.0
51,13,11,2596.0
51,14,10,2521.0
51,15,9,2504.0
51,16,8,2454.0
51,17,7,2677.0
51,18,6,2448.0
51,19,5,2611.0
51,20,4,2589.0
51,21,3,2730.0
51,22,2,2490.0
51,23,1,2672.0
52,1,22,2351.0
52,2,21,2396.0
52,3,20,2482.0
52,4,19,2363.0
52,5,18,2352.0
52,6,17,2362.0
52,7,16,2253.0
52,8,15,2369.0
52,9,14,2407.0
52,10,13,2307.0
52,11,12,2350.0
52,12,11,2517.0
52,13,10,2516.0
52,14,9,2517.0
52,15,8,2497.0
52,16,7,2435.0
52,17,6,2589.0
52,18,5,2517.0
52,19,4,2571.0
52,20,3,2631.0
52,21,2,2523.0
52,22,1,2660.0
53,1,21,2381.0
53,2,20,2397.0
53,3,19,2231.0
53,4,18,2567.0
53,5,17,2356.0
53,6,16,2458.0
53,7,15,2410.0
53,8,14,2329.0
53,9,13,2358.0
53,10,12,2432.0
53,11,11,2532.0
53,12,10,2433.0
53,13,9,2410.0
53,14,8,2528.0
53,15,7,2581.0
53,16,6,2480.0
53,17,5,2545.0
53,18,4,2496.0
53,19,3,2615.0
53,20,2,2584.0
53,21,1,2617.0
54,1,20,2383.0
54,2,19,2402.0
54,3,18,2488.0
54,4,17,2361.0
54,5,16,2434.0
54,6,15,2537.0
54,7,14,2708.0
54,8,13,2553.0
54,9,12,2441.0
54,10,11,2548.0
54,11,10,2572.0
54,12,9,2572.0
54,13,8,2544.0
54,14,7,2441.0
54,15,6,2596.0
54,16,5,2482.0
54,17,4,2659.0
54,18,3,2588.0
54,19,2,2662.0
54,20,1,2578.0
55,1,19,2513.0
55,2,18,2463.0
55,3,17,2362.0
55,4,16,2275.0
55,5,15,2380.0
55,6,14,2398.0
55,7,13,2445.0
55,8,12,2368.0
55,9,11,2342.0
55,10,10,2352.0
55,11,9,2466.0
55,12,8,2532.0
55,13,7,2423.0
55,14,6,2411.0
55,15,5,2505.0
55,16,4,2537.0
55,17,3,2618.0
55,18,2,2730.0
55,19,1,2609.0
56,1,18,2364.0
56,2,17,2378.0
56,3,16,2443.0
56,4,15,2453.0
56,5,14,2451.0
56,6,13,2390.0
56,7,12,2586.0
56,8,11,2465.0
56,9,10,2391.0
56,10,9,2543.0
56,11,8,2467.0
56,12,7,2582.0
56,13,6,2567.0
56,14,5,2554.0
56,15,4,2518.0
56,16,3,2573.0
56,17,2,2734.0
56,18,1,2609.0
57,1,17,2462.0
57,2,16,2411.0
57,3,15,2361.0
57,4,14,2393.0
57,5,13,2511.0
57,6,12,2420.0
57,7,11,2472.0
57,8,10,2595.0
57,9,9,2525.0
57,10,8,2636.0
57,11,7,2488.0
57,12,6,2473.0
57,13,5,2704.0
57,14,4,2571.0
57,15,3,2478.0
57,16,2,2709.0
57,17,1,2679.0
58,1,16,2510.0
58,2,15,2497.0
58,3,14,2419.0
58,4,13,2476.0
58,5,12,2327.0
58,6,11,2338.0
58,7,10,2546.0
58,8,9,2471.0
58,9,8,2508.0
58,10,7,2545.0
58,11,6,2577.0
58,12,5,2450.0
58,13,4,2509.0
58,14,3,2644.0
58,15,2,2740.0
58,16,1,2616.0
59,1,15,2436.0
59,2,14,2347.0
59,3,13,2217.0
59,4,12,2610.0
59,5,11,2428.0
59,6,10,2447.0
59,7,9,2469.0
59,8,8,2525.0
59,9,7,2547.0
59,10,6,2490.0
59,11,5,2430.0
59,12,4,2641.0
59,13,3,2458.0
59,14,2,2759.0
59,15,1,2587.0
60,1,14,2429.0
60,2,13,2371.0
60,3,12,2457.0
60,4,11,2395.0
60,5,10,2516.0
60,6,9,2538.0
60,7,8,2469.0
60,8,7,2542.0
60,9,6,2439.0
60,10,5,2573.0
60,11,4,2484.0
60,12,3,2661.0
60,13,2,2525.0
60,14,1,2634.0
61,1,13,2391.0
61,2,12,2583.0
61,3,11,2403.0
61,4,10,2510.0
61,5,9,2385.0
61,6,8,2470.0
61,7,7,2505.0
61,8,6,2435.0
61,9,5,2590.0
61,10,4,2536.0
61,11,3,2476.0
61,12,2,2555.0
61,13,1,2553.0
62,1,12,2398.0
62,2,11,2397.0
62,3,10,2548.0
62,4,9,2497.0
62,5,8,2560.0
62,6,7,2436.0
62,7,6,2551.0
62,8,5,2590.0
62,9,4,2533.0
62,10,3,2503.0
62,11,2,2558.0
62,12,1,2645.0
63,1,11,2258.0
63,2,10,2491.0
63,3,9,2485.0
63,4,8,2405.0
63,5,7,2500.0
63,6,6,2574.0
63,7,5,2565.0
63,8,4,2486.0
63,9,3,2513.0
63,10,2,2712.0
63,11,1,2614.0
64,1,10,2396.0
64,2,9,2410.0
64,3,8,2509.0
64,4,7,2608.0
64,5,6,2588.0
64,6,5,2598.0
64,7,4,2538.0
64,8,3,2567.0
64,9,2,2683.0
64,10,1,2545.0
65,1,9,2548.0
65,2,8,2403.0
65,3,7,2581.0
65,4,6,2590.0
65,5,5,2556.0
65,6,4,2611.0
65,7,3,2565.0
65,8,2,2733.0
65,9,1,2614.0
66,1,8,2413.0
66,2,7,2461.0
66,3,6,2520.0
66,4,5,2538.0
66,5,4,2576.0
66,6,3,2516.0
66,7,2,2411.0
66,8,1,2490.0
67,1,7,2582.0
67,2,6,2563.0
67,3,5,2473.0
67,4,4,2420.0
67,5,3,2670.0
67,6,2,2662.0
67,7,1,2694.0
68,1,6,2634.0
68,2,5,2559.0
68,3,4,2747.0
68,4,3,2620.0
68,5,2,2487.0
68,6,1,2628.0
69,1,5,2577.0
69,2,4,2508.0
69,3,3,2466.0
69,4,2,2710.0
69,5,1,2479.0
70,1,4,2495.0
70,2,3,2545.0
70,3,2,2506.0
70,4,1,2617.0
71,1,3,2675.0
71,2,2,2583.0
71,3,1,2580.0
72,1,2,2541.0
72,2,1,2664.0
73,1,1,2571.0
1,1,73,2564.0
1,2,72,2611.0
1,3,71,2754.0
1,4,70,2578.0
1,5,69,2573.0
1,6,68,2426.0
1,7,67,2590.0
1,8,66,2576.0
1,9,65,2620.0
1,10,64,2565.0
1,11,63,2478.0
1,12,62,2421.0
1,13,61,2501.0
1,14,60,2483.0
1,15,59,2484.0
1,16,58,2668.0
1,17,57,2686.0
1,18,56,2615.0
1,19,55,2616.0
1,20,54,2517.0
1,21,53,2781.0
1,22,52,2701.0
1,23,51,2622.0
1,24,50,2597.0
1,25,49,2857.0
1,26,48,2756.0
1,27,47,2729.0
1,28,46,2770.0
1,29,45,2850.0
1,30,44,2806.0
1,31,43,2953.0
1,32,42,2919.0
1,33,41,2893.0
1,34,40,2898.0
1,35,39,2951.0
1,36,38,3051.0
1,37,37,3068.0
1,38,36,3181.0
1,39,35,3134.0
1,40,34,3151.0
1,41,33,3172.0
1,42,32,3280.0
1,43,31,3221.0
1,44,30,3243.0
1,45,29,3267.0
1,46,28,3413.0
1,47,27,3289.0
1,48,26,3497.0
1,49,25,3494.0
1,50,24,3588.0
1,51,23,3485.0
1,52,22,3557.0
1,53,21,3656.0
1,54,20,3698.0
1,55,19,3690.0
1,56,18,3797.0
1,57,17,3871.0
1,58,16,3779.0
1,59,15,3864.0
1,60,14,3826.0
1,61,13,3802.0
1,62,12,3803.0
1,63,11,4013.0
1,64,10,4075.0
1,65,9,4241.0
1,66,8,4177.0
1,67,7,4095.0
1,68,6,4216.0
1,69,5,4189.0
1,70,4,4259.0
1,71,3,4210.0
1,72,2,4280.0
1,73,1,4205.0
2,1,72,2566.0
2,2,71,2568.0
2,3,70,2535.0
2,4,69,2597.0
2,5,68,2560.0
2,6,67,2568.0
2,7,66,2613.0
2,8,65,2386.0
2,9,64,2507.0
2,10,63,2549.0
2,11,62,2521.0
2,12,61,2615.0
2,13,60,2549.0
2,14,59,2596.0
2,15,58,2598.0
2,16,57,2408.0
2,17,56,2403.0
2,18,55,2687.0
2,19,54,2549.0
2,20,53,2629.0
2,21,52,2505.0
2,22,51,2763.0
2,23,50,2570.0
2,24,49,2714.0
2,25,48,2678.0
2,26,47,2717.0
2,27,46,2672.0
2,28,45,2898.0
2,29,44,2763.0
2,30,43,2843.0
2,31,42,2944.0
2,32,41,2781.0
2,33,40,2921.0
2,34,39,3050.0
2,35,38,3025.0
2,36,37,3043.0
2,37,36,3119.0
2,38,35,3075.0
2,39,34,3060.0
2,40,33,3137.0
2,41,32,3187.0
2,42,31,3115.0
2,43,30,3265.0
2,44,29,3374.0
2,45,28,3414.0
2,46,27,3397.0
2,47,26,3526.0
2,48,25,3571.0
2,49,24,3486.0
2,50,23,3522.0
2,51,22,3560.0
2,52,21,3541.0
2,53,20,3576.0
2,54,19,3657.0
2,55,18,3668.0
2,56,17,3729.0
2,57,16,3777.0
2,58,15,3836.0
2,59,14,3847.0
2,60,13,3866.0
2,61,12,3895.0
2,62,11,3924.0
2,63,10,4016.0
2,64,9,4084.0
2,65,8,4113.0
2,66,7,4065.0
2,67,6,4103.0
2,68,5,4137.0
2,69,4,4291.0
2,70,3,4249.0
2,71,2,4218.0
2,72,1,4337.0
3,1,71,2647.0
3,2,70,2506.0
3,3,69,2556.0
3,4,68,2515.0
3,5,67,2519.0
3,6,66,2383.0
3,7,65,2470.0
3,8,64,2409.0
3,9,63,2448.0
3,10,62,2477.0
3,11,61,2326.0
3,12,60,2485.0
3,13,59,2598.0
3,14,58,2511.0
3,15,57,2519.0
3,16,56,2392.0
3,17,55,2604.0
3,18,54,2517.0
3,19,53,2518.0
3,20,52,2536.0
3,21,51,2658.0
3,22,50,2695.0
3,23,49,2545.0
3,24,48,2711.0
3,25,47,2728.0
3,26,46,2583.0
3,27,45,2733.0
3,28,44,2701.0
3,29,43,2780.0
3,30,42,2755.0
3,31,41,2886.0
3,32,40,2923.0
3,33,39,2792.0
3,34,38,2868.0
3,35,37,3055.0
3,36,36,3016.0
3,37,35,3221.0
3,38,34,3018.0
3,39,33,3168.0
3,40,32,3003.0
3,41,31,3180.0
3,42,30,3324.0
3,43,29,3405.0
3,44,28,3217.0
3,45,27,3260.0
3,46,26,3309.0
3,47,25,3338.0
3,48,24,3387.0
3,49,23,3418.0
3,50,22,3444.0
3,51,21,3419.0
3,52,20,3539.0
3,53,19,3696.0
3,54,18,3683.0
3,55,17,3761.0
3,56,16,3624.0
3,57,15,3806.0
3,58,14,3749.0
3,59,13,3730.0
3,60,12,3914.0
3,61,11,3758.0
3,62,10,4125.0
3,63,9,3960.0
3,64,8,4040.0
3,65,7,4089.0
3,66,6,4059.0
3,67,5,4186.0
3,68,4,4257.0
3,69,3,4147.0
3,70,2,4180.0
3,71,1,4114.0
4,1,70,2719.0
4,2,69,2538.0
4,3,68,2482.0
4,4,67,2555.0
4,5,66,2570.0
4,6,65,2512.0
4,7,64,2568.0
4,8,63,2439.0
4,9,62,2477.0
4,10,61,2446.0
4,11,60,2386.0
4,12,59,2412.0
4,13,58,2387.0
4,14,57,2408.0
4,15,56,2461.0
4,16,55,2411.0
4,17,54,2447.0
4,18,53,2523.0
4,19,52,2444.0
4,20,51,2606.0
4,21,50,2658.0
4,22,49,2587.0
4,23,48,2623.0
4,24,47,2601.0
4,25,46,2742.0
4,26,45,2840.0
4,27,44,2786.0
4,28,43,2767.0
4,29,42,2764.0
4,30,41,2900.0
4,31,40,2831.0
4,32,39,2960.0
4,33,38,2903.0
4,34,37,2875.0
4,35,36,2896.0
4,36,35,2941.0
4,37,34,3027.0
4,38,33,3125.0
4,39,32,3123.0
4,40,31,3139.0
4,41,30,3168.0
4,42,29,3190.0
4,43,28,3282.0
4,44,27,3302.0
4,45,26,3237.0
4,46,25,3275.0
4,47,24,3388.0
4,48,23,3429.0
4,49,22,3392.0
4,50,21,3491.0
4,51,20,3542.0
4,52,19,3527.0
4,53,18,3612.0
4,54,17,3566.0
4,55,16,3637.0
4,56,15,3645.0
4,57,14,3834.0
4,58,13,3719.0
4,59,12,3793.0
4,60,11,3778.0
4,61,10,3990.0
4,62,9,3916.0
4,63,8,3864.0
4,64,7,3835.0
4,65,6,3891.0
4,66,5,4043.0
4,67,4,4135.0
4,68,3,4104.0
4,69,2,4075.0
4,70,1,4296.0
5,1,69,2515.0
5,2,68,2554.0
5,3,67,2460.0
5,4,66,2549.0
5,5,65,2441.0
5,6,64,2570.0
5,7,63,2390.0
5,8,62,2510.0
5,9,61,2522.0
5,10,60,2323.0
5,11,59,2450.0
5,12,58,2463.0
5,13,57,2445.0
5,14,56,2448.0
5,15,55,2526.0
5,16,54,2412.0
5,17,53,2592.0
5,18,52,2617.0
5,19,51,2576.0
5,20,50,2446.0
5,21,49,2741.0
5,22,48,2636.0
5,23,47,2729.0
5,24,46,2646.0
5,25,45,2694.0
5,26,44,2685.0
5,27,43,2598.0
5,28,42,2859.0
5,29,41,2756.0
5,30,40,2793.0
5,31,39,2826.0
5,32,38,2924.0
5,33,37,2862.0
5,34,36,2946.0
5,35,35,2981.0
5,36,34,3134.0
5,37,33,2925.0
5,38,32,3112.0
5,39,31,2983.0
5,40,30,3119.0
5,41,29,3142.0
5,42,28,3181.0
5,43,27,3207.0
5,44,26,3314.0
5,45,25,3260.0
5,46,24,3348.0
5,47,23,3291.0
5,48,22,3296.0
5,49,21,3389.0
5,50,20,3568.0
5,51,19,3504.0
5,52,18,3617.0
5,53,17,3638.0
5,54,16,3701.0
5,55,15,3646.0
5,56,14,3729.0
5,57,13,3688.0
5,58,12,3769.0
5,59,11,3961.0
5,60,10,3843.0
5,61,9,3750.0
5,62,8,3962.0
5,63,7,3963.0
5,64,6,3994.0
5,65,5,3989.0
5,66,4,4025.0
5,67,3,4052.0
5,68,2,4050.0
5,69,1,4208.0
6,1,68,2593.0
6,2,67,2455.0
6,3,66,2545.0
6,4,65,2488.0
6,5,64,2703.0
6,6,63,2425.0
6,7,62,2556.0
6,8,61,2466.0
6,9,60,2412.0
6,10,59,2426.0
6,11,58,2502.0
6,12,57,2362.0
6,13,56,2460.0
6,14,55,2461.0
6,15,54,2555.0
6,16,53,2472.0
6,17,52,2548.0
6,18,51,2508.0
6,19,50,2578.0
6,20,49,2509.0
6,21,48,2579.0
6,22,47,2668.0
6,23,46,2619.0
6,24,45,2715.0
6,25,44,2583.0
6,26,43,2804.0
6,27,42,2665.0
6,28,41,2899.0
6,29,40,2851.0
6,30,39,2646.0
6,31,38,2961.0
6,32,37,2882.0
6,33,36,2976.0
6,34,35,2944.0
6,35,34,3072.0
6,36,33,2864.0
6,37,32,3151.0
6,38,31,3046.0
6,39,30,3092.0
6,40,29,3066.0
6,41,28,3169.0
6,42,27,3216.0
6,43,26,3183.0
6,44,25,3336.0
6,45,24,3217.0
6,46,23,3370.0
6,47,22,3398.0
6,48,21,3349.0
6,49,20,3368.0
6,50,19,3451.0
6,51,18,3440.0
6,52,17,3516.0
6,53,16,3517.0
6,54,15,3641.0
6,55,14,3605.0
6,56,13,3769.0
6,57,12,3700.0
6,58,11,3746.0
6,59,10,3666.0
6,60,9,3820.0
6,61,8,3856.0
6,62,7,3876.0
6,63,6,3963.0
6,64,5,4070.0
6,65,4,4051.0
6,66,3,3994.0
6,67,2,4044.0
6,68,1,4052.0
7,1,67,2390.0
7,2,66,2527.0
7,3,65,2364.0
7,4,64,2431.0
7,5,63,2452.0
7,6,62,2494.0
7,7,61,2452.0
7,8,60,2469.0
7,9,59,2413.0
7,10,58,2424.0
7,11,57,2510.0
7,12,56,2245.0
7,13,55,2419.0
7,14,54,2386.0
7,15,53,2598.0
7,16,52,2422.0
7,17,51,2503.0
7,18,50,2569.0
7,19,49,2453.0
7,20,48,2591.0
7,21,47,2492.0
7,22,46,2558.0
7,23,45,2653.0
7,24,44,2709.0
7,25,43,2613.0
7,26,42,2573.0
7,27,41,2709.0
7,28,40,2809.0
7,29,39,2811.0
7,30,38,2809.0
7,31,37,2736.0
7,32,36,2903.0
7,33,35,2907.0
7,34,34,3016.0
7,35,33,2924.0
7,36,32,2967.0
7,37,31,3053.0
7,38,30,3054.0
7,39,29,3057.0
7,40,28,3193.0
7,41,27,3138.0
7,42,26,3085.0
7,43,25,3369.0
7,44,24,3284.0
7,45,23,3218.0
7,46,22,3424.0
7,47,21,3470.0
7,48,20,3429.0
7,49,19,3442.0
7,50,18,3382.0
7,51,17,3505.0
7,52,16,3565.0
7,53,15,3547.0
7,54,14,3624.0
7,55,13,3630.0
7,56,12,3797.0
7,57,11,3793.0
7,58,10,3779.0
7,59,9,3832.0
7,60,8,3889.0
7,61,7,3676.0
7,62,6,3850.0
7,63,5,3911.0
7,64,4,3967.0
7,65,3,4067.0
7,66,2,4068.0
7,67,1,4036.0
8,1,66,2476.0
8,2,65,2387.0
8,3,64,2484.0
8,4,63,2503.0
8,5,62,2445.0
8,6,61,2231.0
8,7,60,2409.0
8,8,59,2479.0
8,9,58,2420.0
8,10,57,2430.0
8,11,56,2444.0
8,12,55,2350.0
8,13,54,2411.0
8,14,53,2390.0
8,15,52,2469.0
8,16,51,2423.0
8,17,50,2347.0
8,18,49,2565.0
8,19,48,2415.0
8,20,47,2428.0
8,21,46,2545.0
8,22,45,2397.0
8,23,44,2626.0
8,24,43,2691.0
8,25,42,2743.0
8,26,41,2733.0
8,27,40,2633.0
8,28,39,2741.0
8,29,38,2672.0
8,30,37,2634.0
8,31,36,2780.0
8,32,35,2859.0
8,33,34,2830.0
8,34,33,2890.0
8,35,32,2799.0
8,36,31,2990.0
8,37,30,2971.0
8,38,29,3028.0
8,39,28,3131.0
8,40,27,3248.0
8,41,26,3201.0
8,42,25,3204.0
8,43,24,3247.0
8,44,23,3230.0
8,45,22,3281.0
8,46,21,3332.0
8,47,20,3422.0
8,48,19,3439.0
8,49,18,3441.0
8,50,17,3532.0
8,51,16,3609.0
8,52,15,3630.0
8,53,14,3626.0
8,54,13,3578.0
8,55,12,3697.0
8,56,11,3721.0
8,57,10,3778.0
8,58,9,3663.0
8,59,8,3927.0
8,60,7,3869.0
8,61,6,3829.0
8,62,5,3907.0
8,63,4,3915.0
8,64,3,3950.0
8,65,2,3980.0
8,66,1,3962.0
9,1,65,2506.0
9,2,64,2493.0
9,3,63,2395.0
9,4,62,2334.0
9,5,61,2437.0
9,6,60,2371.0
9,7,59,2477.0
9,8,58,2633.0
9,9,57,2330.0
9,10,56,2386.0
9,11,55,2411.0
9,12,54,2294.0
9,13,53,2339.0
9,14,52,2583.0
9,15,51,2389.0
9,16,50,2408.0
9,17,49,2458.0
9,18,48,2481.0
9,19,47,2455.0
9,20,46,2456.0
9,21,45,2493.0
9,22,44,2600.0
9,23,43,2768.0
9,24,42,2533.0
9,25,41,2664.0
9,26,40,2641.0
9,27,39,2538.0
9,28,38,2823.0
9,29,37,2728.0
9,30,36,2851.0
9,31,35,2827.0
9,32,34,2799.0
9,33,33,2730.0
9,34,32,2818.0
9,35,31,2992.0
9,36,30,2990.0
9,37,29,3103.0
9,38,28,3048.0
9,39,27,3120.0
9,40,26,3055.0
9,41,25,2969.0
9,42,24,3272.0
9,43,23,3266.0
9,44,22,3291.0
9,45,21,3272.0
9,46,20,3327.0
9,47,19,3456.0
9,48,18,3396.0
9,49,17,3514.0
9,50,16,3542.0
9,51,15,3477.0
9,52,14,3587.0
9,53,13,3572.0
9,54,12,3697.0
9,55,11,3563.0
9,56,10,3649.0
9,57,9,3601.0
9,58,8,3793.0
9,59,7,3904.0
9,60,6,3878.0
9,61,5,3786.0
9,62,4,3895.0
9,63,3,3851.0
9,64,2,3940.0
9,65,1,4098.0
10,1,64,2507.0
10,2,63,2526.0
10,3,62,2542.0
10,4,61,2441.0
10,5,60,2497.0
10,6,59,2487.0
10,7,58,2497.0
10,8,57,2380.0
10,9,56,2509.0
10,10,55,2468.0
10,11,54,2424.0
10,12,53,2305.0
10,13,52,2306.0
10,14,51,2514.0
10,15,50,2547.0
10,16,49,2423.0
10,17,48,2420.0
10,18,47,2384.0
10,19,46,2434.0
10,20,45,2590.0
10,21,44,2499.0
10,22,43,2521.0
10,23,42,2624.0
10,24,41,2624.0
10,25,40,2685.0
10,26,39,2650.0
10,27,38,2637.0
10,28,37,2685.0
10,29,36,2837.0
10,30,35,2760.0
10,31,34,2825.0
10,32,33,2759.0
10,33,32,2881.0
10,34,31,2859.0
10,35,30,2924.0
10,36,29,3002.0
10,37,28,2935.0
10,38,27,2990.0
10,39,26,3098.0
10,40,25,3168.0
10,41,24,3185.0
10,42,23,3011.0
10,43,22,3217.0
10,44,21,3184.0
10,45,20,3392.0
10,46,19,3379.0
10,47,18,3340.0
10,48,17,3377.0
10,49,16,3375.0
10,50,15,3468.0
10,51,14,3567.0
10,52,13,3666.0
10,53,12,3557.0
10,54,11,3549.0
10,55,10,3651.0
10,56,9,3706.0
10,57,8,3726.0
10,58,7,3792.0
10,59,6,3899.0
10,60,5,3805.0
10,61,4,3962.0
10,62,3,3870.0
10,63,2,4042.0
10,64,1,3974.0
11,1,63,2387.0
11,2,62,2447.0
11,3,61,2396.0
11,4,60,2304.0
11,5,59,2458.0
11,6,58,2389.0
11,7,57,2298.0
11,8,56,2505.0
11,9,55,2367.0
11,10,54,2478.0
11,11,53,2523.0
11,12,52,2342.0
11,13,51,2441.0
11,14,50,2557.0
11,15,49,2281.0
11,16,48,2557.0
11,17,47,2404.0
11,18,46,2328.0
11,19,45,2667.0
11,20,44,2541.0
11,21,43,2535.0
11,22,42,2529.0
11,23,41,2614.0
11,24,40,2598.0
11,25,39,2526.0
11,26,38,2707.0
11,27,37,2698.0
11,28,36,2634.0
11,29,35,2748.0
11,30,34,2827.0
11,31,33,2689.0
11,32,32,2827.0
11,33,31,2920.0
11,34,30,2794.0
11,35,29,2969.0
11,36,28,3042.0
11,37,27,3064.0
11,38,26,3135.0
11,39,25,2955.0
11,40,24,3053.0
11,41,23,3192.0
11,42,22,3141.0
11,43,21,3149.0
11,44,20,3230.0
11,45,19,3199.0
11,46,18,3263.0
11,47,17,3352.0
11,48,16,3420.0
11,49,15,3382.0
11,50,14,3402.0
11,51,13,3502.0
11,52,12,3520.0
11,53,11,3436.0
11,54,10,3711.0
11,55,9,3619.0
11,56,8,3765.0
11,57,7,3705.0
11,58,6,3717.0
11,59,5,3840.0
11,60,4,3803.0
11,61,3,3770.0
11,62,2,3761.0
11,63,1,3861.0
12,1,62,2429.0
12,2,61,2404.0
12,3,60,2424.0
12,4,59,2336.0
12,5,58,2410.0
12,6,57,2284.0
12,7,56,2462.0
12,8,55,2293.0
12,9,54,2311.0
12,10,53,2336.0
12,11,52,2351.0
12,12,51,2400.0
12,13,50,2410.0
12,14,49,2356.0
12,15,48,2385.0
12,16,47,2539.0
12,17,46,2309.0
12,18,45,2386.0
12,19,44,2416.0
12,20,43,2639.0
12,21,42,2459.0
12,22,41,2655.0
12,23,40,2708.0
12,24,39,2637.0
12,25,38,2562.0
12,26,37,2770.0
12,27,36,2766.0
12,28,35,2753.0
12,29,34,2751.0
12,30,33,2762.0
12,31,32,2794.0
12,32,31,2871.0
12,33,30,2906.0
12,34,29,2851.0
12,35,28,2892.0
12,36,27,2962.0
12,37,26,3126.0
12,38,25,2983.0
12,39,24,2943.0
12,40,23,3167.0
12,41,22,3061.0
12,42,21,3108.0
12,43,20,3111.0
12,44,19,3398.0
12,45,18,3260.0
12,46,17,3302.0
12,47,16,3341.0
12,48,15,3232.0
12,49,14,3437.0
12,50,13,3628.0
12,51,12,3482.0
12,52,11,3557.0
12,53,10,3634.0
12,54,9,3599.0
12,55,8,3597.0
12,56,7,3748.0
12,57,6,3771.0
12,58,5,3875.0
12,59,4,3705.0
12,60,3,3841.0
12,61,2,3918.0
12,62,1,3877.0
13,1,61,2362.0
13,2,60,2330.0
13,3,59,2518.0
13,4,58,2392.0
13,5,57,2392.0
13,6,56,2409.0
13,7,55,2356.0
13,8,54,2330.0
13,9,53,2327.0
13,10,52,2462.0
13,11,51,2471.0
13,12,50,2459.0
13,13,49,2363.0
13,14,48,2417.0
13,15,47,2313.0
13,16,46,2486.0
13,17,45,2370.0
13,18,44,2517.0
13,19,43,2510.0
13,20,42,2478.0
13,21,41,2554.0
13,22,40,2433.0
13,23,39,2506.0
13,24,38,2567.0
13,25,37,2641.0
13,26,36,2512.0
13,27,35,2624.0
13,28,34,2598.0
13,29,33,2663.0
13,30,32,2817.0
13,31,31,2777.0
13,32,30,2801.0
13,33,29,2964.0
13,34,28,2964.0
13,35,27,3135.0
13,36,26,2970.0
13,37,25,3056.0
13,38,24,2951.0
13,39,23,3087.0
13,40,22,3041.0
13,41,21,3165.0
13,42,20,3229.0
13,43,19,3348.0
13,44,18,3286.0
13,45,17,3219.0
13,46,16,3073.0
13,47,15,3244.0
13,48,14,3407.0
13,49,13,3513.0
13,50,12,3503.0
13,51,11,3527.0
13,52,10,3482.0
13,53,9,3530.0
13,54,8,3516.0
13,55,7,3657.0
13,56,6,3588.0
13,57,5,3748.0
13,58,4,3789.0
13,59,3,3761.0
13,60,2,3823.0
13,61,1,3875.0
14,1,60,2449.0
14,2,59,2368.0
14,3,58,2476.0
14,4,57,2355.0
14,5,56,2347.0
14,6,55,2320.0
14,7,54,2410.0
14,8,53,2474.0
14,9,52,2368.0
14,10,51,2303.0
14,11,50,2356.0
14,12,49,2373.0
14,13,48,2224.0
14,14,47,2359.0
14,15,46,2430.0
14,16,45,2486.0
14,17,44,2433.0
14,18,43,2406.0
14,19,42,2444.0
14,20,41,2407.0
14,21,40,2722.0
14,22,39,2580.0
14,23,38,2554.0
14,24,37,2635.0
14,25,36,2541.0
14,26,35,2595.0
14,27,34,2618.0
14,28,33,2646.0
14,29,32,2690.0
14,30,31,2852.0
14,31,30,2845.0
14,32,29,2837.0
14,33,28,2863.0
14,34,27,2904.0
14,35,26,2944.0
14,36,25,2999.0
14,37,24,3000.0
14,38,23,3069.0
14,39,22,2961.0
14,40,21,3109.0
14,41,20,3174.0
14,42,19,3214.0
14,43,18,3237.0
14,44,17,3209.0
14,45,16,3271.0
14,46,15,3378.0
14,47,14,3321.0
14,48,13,3298.0
14,49,12,3387.0
14,50,11,3383.0
14,51,10,3485.0
14,52,9,3476.0
14,53,8,3512.0
14,54,7,3662.0
14,55,6,3635.0
14,56,5,3680.0
14,57,4,3738.0
14,58,3,3675.0
14,59,2,3803.0
14,60,1,3754.0
15,1,59,2254.0
15,2,58,2381.0
15,3,57,2489.0
15,4,56,2373.0
15,5,55,2359.0
15,6,54,2494.0
15,7,53,2320.0
15,8,52,2272.0
15,9,51,2495.0
15,10,50,2375.0
15,11,49,2451.0
15,12,48,2447.0
15,13,47,2390.0
15,14,46,2302.0
15,15,45,2372.0
15,16,44,2540.0
15,17,43,2430.0
15,18,42,2432.0
15,19,41,2456.0
15,20,40,2504.0
15,21,39,2457.0
15,22,38,2544.0
15,23,37,2557.0
15,24,36,2646.0
15,25,35,2532.0
15,26,34,2726.0
15,27,33,2532.0
15,28,32,2762.0
15,29,31,2741.0
15,30,30,2815.0
15,31,29,2727.0
15,32,28,2696.0
15,33,27,2854.0
15,34,26,2847.0
15,35,25,2855.0
15,36,24,2933.0
15,37,23,3050.0
15,38,22,2984.0
15,39,21,3086.0
15,40,20,3167.0
15,41,19,3133.0
15,42,18,3251.0
15,43,17,3238.0
15,44,16,3377.0
15,45,15,3193.0
15,46,14,3232.0
15,47,13,3261.0
15,48,12,3285.0
15,49,11,3354.0
15,50,10,3435.0
15,51,9,3516.0
15,52,8,3526.0
15,53,7,3705.0
15,54,6,3574.0
15,55,5,3573.0
15,56,4,3694.0
15,57,3,3670.0
15,58,2,3670.0
15,59,1,3780.0
16,1,58,2304.0
16,2,57,2359.0
16,3,56,2359.0
16,4,55,2307.0
16,5,54,2462.0
16,6,53,2340.0
16,7,52,2314.0
16,8,51,2486.0
16,9,50,2492.0
16,10,49,2421.0
16,11,48,2222.0
16,12,47,2468.0
16,13,46,2388.0
16,14,45,2346.0
16,15,44,2460.0
16,16,43,2383.0
16,17,42,2379.0
16,18,41,2539.0
16,19,40,2538.0
16,20,39,2482.0
16,21,38,2525.0
16,22,37,2443.0
16,23,36,2642.0
16,24,35,2474.0
16,25,34,2660.0
16,26,33,2662.0
16,27,32,2625.0
16,28,31,2711.0
16,29,30,2712.0
16,30,29,2740.0
16,31,28,2770.0
16,32,27,2799.0
16,33,26,2844.0
16,34,25,2992.0
16,35,24,2849.0
16,36,23,2951.0
16,37,22,3041.0
16,38,21,3053.0
16,39,20,3058.0
16,40,19,3148.0
16,41,18,2956.0
16,42,17,3189.0
16,43,16,3137.0
16,44,15,3219.0
16,45,14,3148.0
16,46,13,3385.0
16,47,12,3381.0
16,48,11,3362.0
16,49,10,3394.0
16,50,9,3417.0
16,51,8,3460.0
16,52,7,3607.0
16,53,6,3639.0
16,54,5,3543.0
16,55,4,3628.0
16,56,3,3575.0
16,57,2,3714.0
16,58,1,3717.0
17,1,57,2345.0
17,2,56,2353.0
17,3,55,2408.0
17,4,54,2395.0
17,5,53,2304.0
17,6,52,2271.0
17,7,51,2173.0
17,8,50,2321.0
17,9,49,2268.0
17,10,48,2388.0
17,11,47,2303.0
17,12,46,2460.0
17,13,45,2279.0
17,14,44,2457.0
17,15,43,2466.0
17,16,42,2565.0
17,17,41,2382.0
17,18,40,2349.0
17,19,39,2488.0
17,20,38,2489.0
17,21,37,2505.0
17,22,36,2449.0
17,23,35,2526.0
17,24,34,2642.0
17,25,33,2571.0
17,26,32,2638.0
17,27,31,2644.0
17,28,30,2691.0
17,29,29,2802.0
17,30,28,2730.0
17,31,27,2623.0
17,32,26,2702.0
17,33,25,2857.0
17,34,24,2848.0
17,35,23,2888.0
17,36,22,2929.0
17,37,21,3048.0
17,38,20,2987.0
17,39,19,3067.0
17,40,18,3297.0
17,41,17,3191.0
17,42,16,3250.0
17,43,15,3053.0
17,44,14,3158.0
17,45,13,3275.0
17,46,12,3345.0
17,47,11,3277.0
17,48,10,3389.0
17,49,9,3284.0
17,50,8,3514.0
17,51,7,3524.0
17,52,6,3341.0
17,53,5,3543.0
17,54,4,3663.0
17,55,3,3544.0
17,56,2,3783.0
17,57,1,3689.0
18,1,56,2186.0
18,2,55,2314.0
18,3,54,2271.0
18,4,53,2445.0
18,5,52,2190.0
18,6,51,2399.0
18,7,50,2415.0
18,8,49,2294.0
18,9,48,2456.0
18,10,47,2402.0
18,11,46,2330.0
18,12,45,2348.0
18,13,44,2413.0
18,14,43,2399.0
18,15,42,2405.0
18,16,41,2434.0
18,17,40,2446.0
18,18,39,2349.0
18,19,38,2325.0
18,20,37,2460.0
18,21,36,2449.0
18,22,35,2576.0
18,23,34,2648.0
18,24,33,2554.0
18,25,32,2551.0
18,26,31,2592.0
18,27,30,2688.0
18,28,29,2557.0
18,29,28,2710.0
18,30,27,2697.0
18,31,26,2674.0
18,32,25,2806.0
18,33,24,2935.0
18,34,23,2939.0
18,35,22,2806.0
18,36,21,2972.0
18,37,20,2927.0
18,38,19,2910.0
18,39,18,3120.0
18,40,17,3172.0
18,41,16,3127.0
18,42,15,3292.0
18,43,14,3304.0
18,44,13,3181.0
18,45,12,3126.0
18,46,11,3419.0
18,47,10,3333.0
18,48,9,3486.0
18,49,8,3339.0
18,50,7,3450.0
18,51,6,3534.0
18,52,5,3622.0
18,53,4,3586.0
18,54,3,3664.0
18,55,2,3652.0
18,56,1,3537.0
19,1,55,2326.0
19,2,54,2281.0
19,3,53,2392.0
19,4,52,2244.0
19,5,51,2412.0
19,6,50,2375.0
19,7,49,2233.0
19,8,48,2323.0
19,9,47,2471.0
19,10,46,2426.0
19,11,45,2309.0
19,12,44,2347.0
19,13,43,2396.0
19,14,42,2384.0
19,15,41,2312.0
19,16,40,2403.0
19,17,39,2362.0
19,18,38,2395.0
19,19,37,2557.0
19,20,36,2435.0
19,21,35,2483.0
19,22,34,2529.0
19,23,33,2434.0
19,24,32,2686.0
19,25,31,2599.0
19,26,30,2488.0
19,27,29,2550.0
19,28,28,2522.0
19,29,27,2721.0
19,30,26,2727.0
19,31,25,2860.0
19,32,24,2886.0
19,33,23,2853.0
19,34,22,2809.0
19,35,21,2870.0
19,36,20,2947.0
19,37,19,3069.0
19,38,18,3016.0
19,39,17,2901.0
19,40,16,3051.0
19,41,15,3143.0
19,42,14,3197.0
19,43,13,3210.0
19,44,12,3291.0
19,45,11,3303.0
19,46,10,3226.0
19,47,9,3435.0
19,48,8,3390.0
19,49,7,3303.0
19,50,6,3453.0
19,51,5,3447.0
19,52,4,3633.0
19,53,3,3538.0
19,54,2,3526.0
19,55,1,3775.0
20,1,54,2291.0
20,2,53,2310.0
20,3,52,2365.0
20,4,51,2302.0
20,5,50,2393.0
20,6,49,2369.0
20,7,48,2279.0
20,8,47,2218.0
20,9,46,2239.0
20,10,45,2278.0
20,11,44,2239.0
20,12,43,2414.0
20,13,42,2391.0
20,14,41,2405.0
20,15,40,2299.0
20,16,39,2346.0
20,17,38,2436.0
20,18,37,2404.0
20,19,36,2414.0
20,20,35,2583.0
20,21,34,2365.0
20,22,33,2482.0
20,23,32,2551.0
20,24,31,2609.0
20,25,30,2691.0
20,26,29,2577.0
20,27,28,2503.0
20,28,27,2786.0
20,29,26,2789.0
20,30,25,2769.0
20,31,24,2773.0
20,32,23,2693.0
20,33,22,2778.0
20,34,21,2808.0
20,35,20,2965.0
20,36,19,2817.0
20,37,18,2984.0
20,38,17,2978.0
20,39,16,2987.0
20,40,15,3019.0
20,41,14,3232.0
20,42,13,3036.0
20,43,12,3168.0
20,44,11,3201.0
20,45,10,3152.0
20,46,9,3342.0
20,47,8,3282.0
20,48,7,3409.0
20,49,6,3290.0
20,50,5,3465.0
20,51,4,3463.0
20,52,3,3496.0
20,53,2,3609.0
20,54,1,3725.0
21,1,53,2287.0
21,2,52,2321.0
21,3,51,2359.0
21,4,50,2398.0
21,5,49,2454.0
21,6,48,2221.0
21,7,47,2569.0
21,8,46,2374.0
21,9,45,2296.0
21,10,44,2343.0
21,11,43,2370.0
21,12,42,2195.0
21,13,41,2364.0
21,14,40,2431.0
21,15,39,2405.0
21,16,38,2461.0
21,17,37,2483.0
21,18,36,2434.0
21,19,35,2465.0
21,20,34,2473.0
21,21,33,2503.0
21,22,32,2531.0
21,23,31,2658.0
21,24,30,2617.0
21,25,29,2728.0
21,26,28,2600.0
21,27,27,2820.0
21,28,26,2683.0
21,29,25,2697.0
21,30,24,2751.0
21,31,23,2800.0
21,32,22,2982.0
21,33,21,2853.0
21,34,20,2879.0
21,35,19,2933.0
21,36,18,2956.0
21,37,17,3032.0
21,38,16,3034.0
21,39,15,2909.0
21,40,14,3026.0
21,41,13,3175.0
21,42,12,3215.0
21,43,11,3172.0
21,44,10,3253.0
21,45,9,3205.0
21,46,8,3418.0
21,47,7,3319.0
21,48,6,3309.0
21,49,5,3324.0
21,50,4,3422.0
21,51,3,3536.0
21,52,2,3507.0
21,53,1,3517.0
22,1,52,2388.0
22,2,51,2414.0
22,3,50,2252.0
22,4,49,2373.0
22,5,48,2351.0
22,6,47,2185.0
22,7,46,2281.0
22,8,45,2491.0
22,9,44,2365.0
22,10,43,2408.0
22,11,42,2276.0
22,12,41,2488.0
22,13,40,2354.0
22,14,39,2311.0
22,15,38,2332.0
22,16,37,2316.0
22,17,36,2465.0
22,18,35,2345.0
22,19,34,2343.0
22,20,33,2496.0
22,21,32,2375.0
22,22,31,2485.0
22,23,30,2602.0
22,24,29,2527.0
22,25,28,2614.0
22,26,27,2613.0
22,27,26,2598.0
22,28,25,2720.0
22,29,24,2765.0
22,30,23,2722.0
22,31,22,2762.0
22,32,21,2986.0
22,33,20,2788.0
22,34,19,2916.0
22,35,18,2896.0
22,36,17,2925.0
22,37,16,2902.0
22,38,15,3018.0
22,39,14,2991.0
22,40,13,3090.0
22,41,12,3134.0
22,42,11,3186.0
22,43,10,3317.0
22,44,9,3180.0
22,45,8,3365.0
22,46,7,3344.0
22,47,6,3250.0
22,48,5,3364.0
22,49,4,3494.0
22,50,3,3426.0
22,51,2,3467.0
22,52,1,3489.0
23,1,51,2362.0
23,2,50,2241.0
23,3,49,2252.0
23,4,48,2285.0
23,5,47,2272.0
23,6,46,2363.0
23,7,45,2271.0
23,8,44,2399.0
23,9,43,2225.0
23,10,42,2265.0
23,11,41,2357.0
23,12,40,2300.0
23,13,39,2215.0
23,14,38,2453.0
23,15,37,2448.0
23,16,36,2283.0
23,17,35,2370.0
23,18,34,2411.0
23,19,33,2389.0
23,20,32,2552.0
23,21,31,2546.0
23,22,30,2341.0
23,23,29,2459.0
23,24,28,2596.0
23,25,27,2629.0
23,26,26,2556.0
23,27,25,2662.0
23,28,24,2739.0
23,29,23,2739.0
23,30,22,2741.0
23,31,21,2753.0
23,32,20,2767.0
23,33,19,2812.0
23,34,18,2829.0
23,35,17,2829.0
23,36,16,2982.0
23,37,15,2903.0
23,38,14,3015.0
23,39,13,3019.0
23,40,12,3119.0
23,41,11,3152.0
23,42,10,3077.0
23,43,9,3108.0
23,44,8,3118.0
23,45,7,3271.0
23,46,6,3269.0
23,47,5,3391.0
23,48,4,3310.0
23,49,3,3488.0
23,50,2,3435.0
23,51,1,3461.0
24,1,50,2205.0
24,2,49,2276.0
24,3,48,2245.0
24,4,47,2271.0
24,5,46,2275.0
24,6,45,2374.0
24,7,44,2397.0
24,8,43,2378.0
24,9,42,2261.0
24,10,41,2248.0
24,11,40,2326.0
24,12,39,2192.0
24,13,38,2322.0
24,14,37,2313.0
24,15,36,2321.0
24,16,35,2317.0
24,17,34,2379.0
24,18,33,2448.0
24,19,32,2524.0
24,20,31,2607.0
24,21,30,2537.0
24,22,29,2524.0
24,23,28,2512.0
24,24,27,2537.0
24,25,26,2583.0
24,26,25,2574.0
24,27,24,2717.0
24,28,23,2587.0
24,29,22,2692.0
24,30,21,2679.0
24,31,20,2768.0
24,32,19,2923.0
24,33,18,2831.0
24,34,17,2781.0
24,35,16,2927.0
24,36,15,2920.0
24,37,14,3003.0
24,38,13,2953.0
24,39,12,2942.0
24,40,11,3029.0
24,41,10,2951.0
24,42,9,3221.0
24,43,8,3114.0
24,44,7,3249.0
24,45,6,3246.0
24,46,5,3401.0
24,47,4,3248.0
24,48,3,3348.0
24,49,2,3516.0
24,50,1,3334.0
25,1,49,2373.0
25,2,48,2288.0
25,3,47,2360.0
25,4,46,2317.0
25,5,45,2278.0
25,6,44,2283.0
25,7,43,2427.0
25,8,42,2410.0
25,9,41,2322.0
25,10,40,2508.0
25,11,39,2380.0
25,12,38,2455.0
25,13,37,2213.0
25,14,36,2282.0
25,15,35,2562.0
25,16,34,2491.0
25,17,33,2405.0
25,18,32,2399.0
25,19,31,2396.0
25,20,30,2397.0
25,21,29,2402.0
25,22,28,2484.0
25,23,27,2552.0
25,24,26,2787.0
25,25,25,2664.0
25,26,24,2589.0
25,27,23,2731.0
25,28,22,2631.0
25,29,21,2758.0
25,30,20,2674.0
25,31,19,2664.0
25,32,18,2884.0
25,33,17,2793.0
25,34,16,2804.0
25,35,15,2813.0
25,36,14,3036.0
25,37,13,2988.0
25,38,12,3036.0
25,39,11,3045.0
25,40,10,3146.0
25,41,9,3062.0
25,42,8,3229.0
25,43,7,3235.0
25,44,6,3308.0
25,45,5,3414.0
25,46,4,3334.0
25,47,3,3168.0
25,48,2,3429.0
25,49,1,3280.0
26,1,48,2312.0
26,2,47,2310.0
26,3,46,2175.0
26,4,45,2343.0
26,5,44,2232.0
26,6,43,2347.0
26,7,42,2374.0
26,8,41,2438.0
26,9,40,2210.0
26,10,39,2128.0
26,11,38,2266.0
26,12,37,2305.0
26,13,36,2293.0
26,14,35,2430.0
26,15,34,2404.0
26,16,33,2380.0
26,17,32,2352.0
26,18,31,2377.0
26,19,30,2328.0
26,20,29,2472.0
26,21,28,2439.0
26,22,27,2588.0
26,23,26,2349.0
26,24,25,2527.0
26,25,24,2562.0
26,26,23,2646.0
26,27,22,2689.0
26,28,21,2746.0
26,29,20,2613.0
26,30,19,2722.0
26,31,18,2815.0
26,32,17,2823.0
26,33,16,2803.0
26,34,15,2951.0
26,35,14,3002.0
26,36,13,3053.0
26,37,12,3058.0
26,38,11,3060.0
26,39,10,3028.0
26,40,9,3087.0
26,41,8,3073.0
26,42,7,3075.0
26,43,6,3124.0
26,44,5,3195.0
26,45,4,3280.0
26,46,3,3428.0
26,47,2,3206.0
26,48,1,3487.0
27,1,47,2226.0
27,2,46,2271.0
27,3,45,2380.0
27,4,44,2200.0
27,5,43,2246.0
27,6,42,2220.0
27,7,41,2383.0
27,8,40,2403.0
27,9,39,2254.0
27,10,38,2286.0
27,11,37,2175.0
27,12,36,2465.0
27,13,35,2421.0
27,14,34,2435.0
27,15,33,2354.0
27,16,32,2348.0
27,17,31,2562.0
27,18,30,2261.0
27,19,29,2466.0
27,20,28,2528.0
27,21,27,2404.0
27,22,26,2424.0
27,23,25,2459.0
27,24,24,2684.0
27,25,23,2597.0
27,26,22,2608.0
27,27,21,2643.0
27,28,20,2718.0
27,29,19,2656.0
27,30,18,2706.0
27,31,17,2757.0
27,32,16,2804.0
27,33,15,2824.0
27,34,14,2819.0
27,35,13,2893.0
27,36,12,2974.0
27,37,11,2899.0
27,38,10,3001.0
27,39,9,3282.0
27,40,8,3046.0
27,41,7,2992.0
27,42,6,3321.0
27,43,5,3250.0
27,44,4,3413.0
27,45,3,3353.0
27,46,2,3358.0
27,47,1,3381.0
28,1,46,2322.0
28,2,45,2420.0
28,3,44,2148.0
28,4,43,2182.0
28,5,42,2312.0
28,6,41,2296.0
28,7,40,2348.0
28,8,39,2313.0
28,9,38,2330.0
28,10,37,2267.0
28,11,36,2403.0
28,12,35,2352.0
28,13,34,2389.0
28,14,33,2381.0
28,15,32,2467.0
28,16,31,2438.0
28,17,30,2526.0
28,18,29,2429.0
28,19,28,2368.0
28,20,27,2374.0
28,21,26,2478.0
28,22,25,2706.0
28,23,24,2637.0
28,24,23,2479.0
28,25,22,2566.0
28,26,21,2597.0
28,27,20,2642.0
28,28,19,2682.0
28,29,18,2625.0
28,30,17,2776.0
28,31,16,2765.0
28,32,15,2794.0
28,33,14,2963.0
28,34,13,2848.0
28,35,12,2848.0
28,36,11,2990.0
28,37,10,2841.0
28,38,9,2981.0
28,39,8,2977.0
28,40,7,3146.0
28,41,6,3051.0
28,42,5,3254.0
28,43,4,3128.0
28,44,3,3165.0
28,45,2,3184.0
28,46,1,3331.0
29,1,45,2256.0
29,2,44,2363.0
29,3,43,2383.0
29,4,42,2341.0
29,5,41,2463.0
29,6,40,2245.0
29,7,39,2216.0
29,8,38,2332.0
29,9,37,2277.0
29,10,36,2327.0
29,11,35,2234.0
29,12,34,2290.0
29,13,33,2369.0
29,14,32,2479.0
29,15,31,2457.0
29,16,30,2281.0
29,17,29,2353.0
29,18,28,2602.0
29,19,27,2404.0
29,20,26,2328.0
29,21,25,2368.0
29,22,24,2420.0
29,23,23,2419.0
29,24,22,2491.0
29,25,21,2653.0
29,26,20,2756.0
29,27,19,2688.0
29,28,18,2558.0
29,29,17,2808.0
29,30,16,2678.0
29,31,15,2753.0
29,32,14,2972.0
29,33,13,3017.0
29,34,12,3043.0
29,35,11,2965.0
29,36,10,2975.0
29,37,9,2946.0
29,38,8,2925.0
29,39,7,3045.0
29,40,6,3090.0
29,41,5,3094.0
29,42,4,3256.0
29,43,3,3212.0
29,44,2,3125.0
29,45,1,3326.0
30,1,44,2315.0
30,2,43,2314.0
30,3,42,2420.0
30,4,41,2392.0
30,5,40,2375.0
30,6,39,2309.0
30,7,38,2310.0
30,8,37,2196.0
30,9,36,2384.0
30,10,35,2314.0
30,11,34,2302.0
30,12,33,2444.0
30,13,32,2228.0
30,14,31,2372.0
30,15,30,2416.0
30,16,29,2507.0
30,17,28,2394.0
30,18,27,2341.0
30,19,26,2366.0
30,20,25,2521.0
30,21,24,2507.0
30,22,23,2475.0
30,23,22,2481.0
30,24,21,2518.0
30,25,20,2736.0
30,26,19,2568.0
30,27,18,2631.0
30,28,17,2731.0
30,29,16,2842.0
30,30,15,2640.0
30,31,14,2730.0
30,32,13,2919.0
30,33,12,2713.0
30,34,11,2932.0
30,35,10,2944.0
30,36,9,3090.0
30,37,8,2872.0
30,38,7,3052.0
30,39,6,3100.0
30,40,5,3194.0
30,41,4,3150.0
30,42,3,3180.0
30,43,2,3340.0
30,44,1,3287.0
31,1,43,2178.0
31,2,42,2201.0
31,3,41,2007.0
31,4,40,2422.0
31,5,39,2299.0
31,6,38,2230.0
31,7,37,2413.0
31,8,36,2339.0
31,9,35,2348.0
31,10,34,2380.0
31,11,33,2227.0
31,12,32,2322.0
31,13,31,2338.0
31,14,30,2329.0
31,15,29,2401.0
31,16,28,2224.0
31,17,27,2478.0
31,18,26,2589.0
31,19,25,2349.0
31,20,24,2482.0
31,21,23,2406.0
31,22,22,2686.0
31,23,21,2547.0
31,24,20,2599.0
31,25,19,2603.0
31,26,18,2585.0
31,27,17,2809.0
31,28,16,2669.0
31,29,15,2661.0
31,30,14,2689.0
31,31,13,2740.0
31,32,12,2863.0
31,33,11,2837.0
31,34,10,2858.0
31,35,9,2876.0
31,36,8,2921.0
31,37,7,2966.0
31,38,6,3013.0
31,39,5,3076.0
31,40,4,2989.0
31,41,3,3131.0
31,42,2,3030.0
31,43,1,3221.0
32,1,42,2107.0
32,2,41,2384.0
32,3,40,2278.0
32,4,39,2273.0
32,5,38,2217.0
32,6,37,2214.0
32,7,36,2334.0
32,8,35,2168.0
32,9,34,2267.0
32,10,33,2348.0
32,11,32,2325.0
32,12,31,2496.0
32,13,30,2473.0
32,14,29,2336.0
32,15,28,2234.0
32,16,27,2388.0
32,17,26,2405.0
32,18,25,2495.0
32,19,24,2360.0
32,20,23,2395.0
32,21,22,2559.0
32,22,21,2526.0
32,23,20,2525.0
32,24,19,2577.0
32,25,18,2532.0
32,26,17,2665.0
32,27,16,2695.0
32,28,15,2600.0
32,29,14,2747.0
32,30,13,2689.0
32,31,12,2745.0
32,32,11,2851.0
32,33,10,2889.0
32,34,9,2869.0
32,35,8,2925.0
32,36,7,3014.0
32,37,6,3187.0
32,38,5,2948.0
32,39,4,3012.0
32,40,3,3122.0
32,41,2,3103.0
32,42,1,3279.0
33,1,41,2277.0
33,2,40,2339.0
33,3,39,2205.0
33,4,38,2290.0
33,5,37,2404.0
33,6,36,2331.0
33,7,35,2227.0
33,8,34,2372.0
33,9,33,2394.0
33,10,32,2231.0
33,11,31,2342.0
33,12,30,2414.0
33,13,29,2368.0
33,14,28,2326.0
33,15,27,2414.0
33,16,26,2242.0
33,17,25,2403.0
33,18,24,2475.0
33,19,23,2411.0
33,20,22,2512.0
33,21,21,2496.0
33,22,20,2464.0
33,23,19,2360.0
33,24,18,2584.0
33,25,17,2582.0
33,26,16,2614.0
33,27,15,2593.0
33,28,14,2732.0
33,29,13,2742.0
33,30,12,2835.0
33,31,11,2889.0
33,32,10,2854.0
33,33,9,2772.0
33,34,8,2976.0
33,35,7,2989.0
33,36,6,2833.0
33,37,5,2976.0
33,38,4,3037.0
33,39,3,3031.0
33,40,2,3230.0
33,41,1,3147.0
34,1,40,2318.0
34,2,39,2262.0
34,3,38,2306.0
34,4,37,2369.0
34,5,36,2242.0
34,6,35,2229.0
34,7,34,2386.0
34,8,33,2382.0
34,9,32,2248.0
34,10,31,2370.0
34,11,30,2327.0
34,12,29,2424.0
34,13,28,2219.0
34,14,27,2473.0
34,15,26,2502.0
34,16,25,2392.0
34,17,24,2436.0
34,18,23,2516.0
34,19,22,2395.0
34,20,21,2511.0
34,21,20,2481.0
34,22,19,2515.0
34,23,18,2431.0
34,24,17,2511.0
34,25,16,2625.0
34,26,15,2604.0
34,27,14,2718.0
34,28,13,2605.0
34,29,12,2668.0
34,30,11,2839.0
34,31,10,2724.0
34,32,9,2891.0
34,33,8,2987.0
34,34,7,2990.0
34,35,6,2968.0
34,36,5,3189.0
34,37,4,3068.0
34,38,3,3075.0
34,39,2,3144.0
34,40,1,3238.0
35,1,39,2407.0
35,2,38,2317.0
35,3,37,2200.0
35,4,36,2363.0
35,5,35,2243.0
35,6,34,2280.0
35,7,33,2306.0
35,8,32,2398.0
35,9,31,2348.0
35,10,30,2321.0
35,11,29,2319.0
35,12,28,2356.0
35,13,27,2328.0
35,14,26,2345.0
35,15,25,2544.0
35,16,24,2327.0
35,17,23,2410.0
35,18,22,2428.0
35,19,21,2536.0
35,20,20,2402.0
35,21,19,2649.0
35,22,18,2473.0
35,23,17,2574.0
35,24,16,2546.0
35,25,15,2614.0
35,26,14,2587.0
35,27,13,2630.0
35,28,12,2724.0
35,29,11,2701.0
35,30,10,2833.0
35,31,9,2908.0
35,32,8,2820.0
35,33,7,2843.0
35,34,6,2768.0
35,35,5,2876.0
35,36,4,3073.0
35,37,3,2970.0
35,38,2,2913.0
35,39,1,2999.0
36,1,38,2565.0
36,2,37,2251.0
36,3,36,2125.0
36,4,35,2494.0
36,5,34,2338.0
36,6,33,2144.0
36,7,32,2211.0
36,8,31,2486.0
36,9,30,2408.0
36,10,29,2384.0
36,11,28,2366.0
36,12,27,2356.0
36,13,26,2404.0
36,14,25,2347.0
36,15,24,2382.0
36,16,23,2420.0
36,17,22,2387.0
36,18,21,2321.0
36,19,20,2461.0
36,20,19,2482.0
36,21,18,2611.0
36,22,17,2608.0
36,23,16,2564.0
36,24,15,2538.0
36,25,14,2546.0
36,26,13,2501.0
36,27,12,2652.0
36,28,11,2718.0
36,29,10,2674.0
36,30,9,2807.0
36,31,8,2759.0
36,32,7,2806.0
36,33,6,2891.0
36,34,5,2923.0
36,35,4,2931.0
36,36,3,2971.0
36,37,2,2951.0
36,38,1,3046.0
37,1,37,2378.0
37,2,36,2534.0
37,3,35,2133.0
37,4,34,2298.0
37,5,33,2192.0
37,6,32,2503.0
37,7,31,2301.0
37,8,30,2502.0
37,9,29,2485.0
37,10,28,2385.0
37,11,27,2477.0
37,12,26,2449.0
37,13,25,2448.0
37,14,24,2415.0
37,15,23,2405.0
37,16,22,2303.0
37,17,21,2417.0
37,18,20,2327.0
37,19,19,2515.0
37,20,18,2318.0
37,21,17,2620.0
37,22,16,2568.0
37,23,15,2570.0
37,24,14,2776.0
37,25,13,2708.0
37,26,12,2684.0
37,27,11,2649.0
37,28,10,2743.0
37,29,9,2727.0
37,30,8,2753.0
37,31,7,2787.0
37,32,6,2913.0
37,33,5,2935.0
37,34,4,2864.0
37,35,3,2844.0
37,36,2,2996.0
37,37,1,3049.0
38,1,36,2280.0
38,2,35,2325.0
38,3,34,2419.0
38,4,33,2497.0
38,5,32,2427.0
38,6,31,2386.0
38,7,30,2376.0
38,8,29,2398.0
38,9,28,2344.0
38,10,27,2455.0
38,11,26,2309.0
38,12,25,2433.0
38,13,24,2407.0
38,14,23,2240.0
38,15,22,2290.0
38,16,21,2344.0
38,17,20,2505.0
38,18,19,2514.0
38,19,18,2544.0
38,20,17,2408.0
38,21,16,2496.0
38,22,15,2588.0
38,23,14,2519.0
38,24,13,2672.0
38,25,12,2712.0
38,26,11,2715.0
38,27,10,2619.0
38,28,9,2722.0
38,29,8,2711.0
38,30,7,2813.0
38,31,6,2709.0
38,32,5,2817.0
38,33,4,2760.0
38,34,3,2958.0
38,35,2,2833.0
38,36,1,2991.0
39,1,35,2148.0
39,2,34,2312.0
39,3,33,2247.0
39,4,32,2387.0
39,5,31,2299.0
39,6,30,2420.0
39,7,29,2499.0
39,8,28,2405.0
39,9,27,2369.0
39,10,26,2469.0
39,11,25,2521.0
39,12,24,2332.0
39,13,23,2399.0
39,14,22,2417.0
39,15,21,2470.0
39,16,20,2294.0
39,17,19,2534.0
39,18,18,2459.0
39,19,17,2349.0
39,20,16,2463.0
39,21,15,2552.0
39,22,14,2604.0
39,23,13,2558.0
39,24,12,2616.0
39,25,11,2646.0
39,26,10,2541.0
39,27,9,2605.0
39,28,8,2626.0
39,29,7,2648.0
39,30,6,2767.0
39,31,5,2761.0
39,32,4,2878.0
39,33,3,2828.0
39,34,2,2843.0
39,35,1,2931.0
40,1,34,2306.0
40,2,33,2237.0
40,3,32,2267.0
40,4,31,2425.0
40,5,30,2228.0
40,6,29,2274.0
40,7,28,2281.0
40,8,27,2380.0
40,9,26,2397.0
40,10,25,2272.0
40,11,24,2308.0
40,12,23,2422.0
40,13,22,2346.0
40,14,21,2401.0
40,15,20,2390.0
40,16,19,2402.0
40,17,18,2566.0
40,18,17,2450.0
40,19,16,2564.0
40,20,15,2585.0
40,21,14,2481.0
40,22,13,2489.0
40,23,12,2644.0
40,24,11,2557.0
40,25,10,2702.0
40,26,9,2617.0
40,27,8,2664.0
40,28,7,2722.0
40,29,6,2792.0
40,30,5,2748.0
40,31,4,2829.0
40,32,3,2932.0
40,33,2,2908.0
40,34,1,2853.0
41,1,33,2243.0
41,2,32,2241.0
41,3,31,2339.0
41,4,30,2367.0
41,5,29,2201.0
41,6,28,2411.0
41,7,27,2385.0
41,8,26,2326.0
41,9,25,2330.0
41,10,24,2342.0
41,11,23,2424.0
41,12,22,2404.0
41,13,21,2373.0
41,14,20,2428.0
41,15,19,2390.0
41,16,18,2509.0
41,17,17,2434.0
41,18,16,2533.0
41,19,15,2541.0
41,20,14,2438.0
41,21,13,2600.0
41,22,12,2555.0
41,23,11,2714.0
41,24,10,2549.0
41,25,9,2692.0
41,26,8,2556.0
41,27,7,2720.0
41,28,6,2676.0
41,29,5,2636.0
41,30,4,2813.0
41,31,3,2719.0
41,32,2,2900.0
41,33,1,2889.0
42,1,32,2251.0
42,2,31,2464.0
42,3,30,2339.0
42,4,29,2348.0
42,5,28,2325.0
42,6,27,2426.0
42,7,26,2317.0
42,8,25,2347.0
42,9,24,2304.0
42,10,23,2483.0
42,11,22,2382.0
42,12,21,2502.0
42,13,20,2597.0
42,14,19,2461.0
42,15,18,2405.0
42,16,17,2435.0
42,17,16,2399.0
42,18,15,2429.0
42,19,14,2555.0
42,20,13,2534.0
42,21,12,2445.0
42,22,11,2492.0
42,23,10,2621.0
42,24,9,2732.0
42,25,8,2720.0
42,26,7,2654.0
42,27,6,2682.0
42,28,5,2794.0
42,29,4,2836.0
42,30,3,2822.0
42,31,2,2864.0
42,32,1,2889.0
43,1,31,2242.0
43,2,30,2284.0
43,3,29,2340.0
43,4,28,2323.0
43,5,27,2376.0
43,6,26,2385.0
43,7,25,2404.0
43,8,24,2319.0
43,9,23,2320.0
43,10,22,2294.0
43,11,21,2410.0
43,12,20,2246.0
43,13,19,2409.0
43,14,18,2359.0
43,15,17,2375.0
43,16,16,2474.0
43,17,15,2442.0
43,18,14,2528.0
43,19,13,2420.0
43,20,12,2464.0
43,21,11,2472.0
43,22,10,2657.0
43,23,9,2638.0
43,24,8,2740.0
43,25,7,2665.0
43,26,6,2673.0
43,27,5,2745.0
43,28,4,2696.0
43,29,3,2858.0
43,30,2,2781.0
43,31,1,2962.0
44,1,30,2234.0
44,2,29,2238.0
44,3,28,2270.0
44,4,27,2368.0
44,5,26,2209.0
44,6,25,2409.0
44,7,24,2264.0
44,8,23,2270.0
44,9,22,2358.0
44,10,21,2407.0
44,11,20,2283.0
44,12,19,2364.0
44,13,18,2456.0
44,14,17,2379.0
44,15,16,2448.0
44,16,15,2469.0
44,17,14,2537.0
44,18,13,2481.0
44,19,12,2518.0
44,20,11,2596.0
44,21,10,2581.0
44,22,9,2628.0
44,23,8,2767.0
44,24,7,2664.0
44,25,6,2675.0
44,26,5,2708.0
44,27,4,2666.0
44,28,3,2729.0
44,29,2,2723.0
44,30,1,2841.0
45,1,29,2274.0
45,2,28,2474.0
45,3,27,2319.0
45,4,26,2303.0
45,5,25,2361.0
45,6,24,2460.0
45,7,23,2358.0
45,8,22,2489.0
45,9,21,2393.0
45,10,20,2299.0
45,11,19,2528.0
45,12,18,2420.0
45,13,17,2310.0
45,14,16,2535.0
45,15,15,2499.0
45,16,14,2477.0
45,17,13,2482.0
45,18,12,2625.0
45,19,11,2528.0
45,20,10,2472.0
45,21,9,2530.0
45,22,8,2594.0
45,23,7,2548.0
45,24,6,2713.0
45,25,5,2576.0
45,26,4,2713.0
45,27,3,2726.0
45,28,2,2736.0
45,29,1,2782.0
46,1,28,2186.0
46,2,27,2360.0
46,3,26,2258.0
46,4,25,2433.0
46,5,24,2251.0
46,6,23,2312.0
46,7,22,2418.0
46,8,21,2376.0
46,9,20,2419.0
46,10,19,2470.0
46,11,18,2267.0
46,12,17,2449.0
46,13,16,2373.0
46,14,15,2435.0
46,15,14,2467.0
46,16,13,2523.0
46,17,12,2398.0
46,18,11,2529.0
46,19,10,2558.0
46,20,9,2557.0
46,21,8,2543.0
46,22,7,2660.0
46,23,6,2660.0
46,24,5,2723.0
46,25,4,2681.0
46,26,3,2725.0
46,27,2,2733.0
46,28,1,2832.0
47,1,27,2325.0
47,2,26,2413.0
47,3,25,2366.0
47,4,24,2322.0
47,5,23,2416.0
47,6,22,2435.0
47,7,21,2250.0
47,8,20,2344.0
47,9,19,2301.0
47,10,18,2366.0
47,11,17,2405.0
47,12,16,2462.0
47,13,15,2463.0
47,14,14,2472.0
47,15,13,2573.0
47,16,12,2577.0
47,17,11,2533.0
47,18,10,2599.0
47,19,9,2494.0
47,20,8,2603.0
47,21,7,2587.0
47,22,6,2620.0
47,23,5,2651.0
47,24,4,2658.0
47,25,3,2708.0
47,26,2,2689.0
47,27,1,2701.0
48,1,26,2295.0
48,2,25,2274.0
48,3,24,2544.0
48,4,23,2391.0
48,5,22,2278.0
48,6,21,2421.0
48,7,20,2271.0
48,8,19,2432.0
48,9,18,2431.0
48,10,17,2365.0
48,11,16,2398.0
48,12,15,2506.0
48,13,14,2569.0
48,14,13,2472.0
48,15,12,2571.0
48,16,11,2535.0
48,17,10,2500.0
48,18,9,2459.0
48,19,8,2517.0
48,20,7,2648.0
48,21,6,2668.0
48,22,5,2684.0
48,23,4,2587.0
48,24,3,2611.0
48,25,2,2719.0
48,26,1,2808.0
49,1,25,2245.0
49,2,24,2301.0
49,3,23,2494.0
49,4,22,2382.0
49,5,21,2282.0
49,6,20,2379.0
49,7,19,2526.0
49,8,18,2352.0
49,9,17,2510.0
49,10,16,2426.0
49,11,15,2513.0
49,12,14,2572.0
49,13,13,2382.0
49,14,12,2535.0
49,15,11,2571.0
49,16,10,2445.0
49,17,9,2649.0
49,18,8,2515.0
49,19,7,2667.0
49,20,6,2512.0
49,21,5,2546.0
49,22,4,2577.0
49,23,3,2768.0
49,24,2,2632.0
49,25,1,2667.0
50,1,24,2359.0
50,2,23,2378.0
50,3,22,2373.0
50,4,21,2470.0
50,5,20,2377.0
50,6,19,2520.0
50,7,18,2582.0
50,8,17,2469.0
50,9,16,2232.0
50,10,15,2349.0
50,11,14,2478.0
50,12,13,2469.0
50,13,12,2450.0
50,14,11,2364.0
50,15,10,2507.0
50,16,9,2572.0
50,17,8,2552.0
50,18,7,2470.0
50,19,6,2658.0
50,20,5,2563.0
50,21,4,2684.0
50,22,3,2636.0
50,23,2,2682.0
50,24,1,2735.0
51,1,23,2407.0
51,2,22,2373.0
51,3,21,2432.0
51,4,20,2371.0
51,5,19,2340.0
51,6,18,2332.0
51,7,17,2357.0
51,8,16,2508.0
51,9,15,2485.0
51,10,14,2414.0
51,11,13,2418.0
51,12,12,2456.0
51,13,11,2596.0
51,14,10,2521.0
51,15,9,2504.0
51,16,8,2454.0
51,17,7,2677.0
51,18,6,2448.0
51,19,5,2611.0
51,20,4,2589.0
51,21,3,2730.0
51,22,2,2490.0
51,23,1,2672.0
52,1,22,2351.0
52,2,21,2396.0
52,3,20,2482.0
52,4,19,2363.0
52,5,18,2352.0
52,6,17,2362.0
52,7,16,2253.0
52,8,15,2369.0
52,9,14,2407.0
52,10,13,2307.0
52,11,12,2350.0
52,12,11,2517.0
52,13,10,2516.0
52,14,9,2517.0
52,15,8,2497.0
52,16,7,2435.0
52,17,6,2589.0
52,18,5,2517.0
52,19,4,2571.0
52,20,3,2631.0
52,21,2,2523.0
52,22,1,2660.0
53,1,21,2381.0
53,2,20,2397.0
53,3,19,2231.0
53,4,18,2567.0
53,5,17,2356.0
53,6,16,2458.0
53,7,15,2410.0
53,8,14,2329.0
53,9,13,2358.0
53,10,12,2432.0
53,11,11,2532.0
53,12,10,2433.0
53,13,9,2410.0
53,14,8,2528.0
53,15,7,2581.0
53,16,6,2480.0
53,17,5,2545.0
53,18,4,2496.0
53,19,3,2615.0
53,20,2,2584.0
53,21,1,2617.0
54,1,20,2383.0
54,2,19,2402.0
54,3,18,2488.0
54,4,17,2361.0
54,5,16,2434.0
54,6,15,2537.0
54,7,14,2708.0
54,8,13,2553.0
54,9,12,2441.0
54,10,11,2548.0
54,11,10,2572.0
54,12,9,2572.0
54,13,8,2544.0
54,14,7,2441.0
54,15,6,2596.0
54,16,5,2482.0
54,17,4,2659.0
54,18,3,2588.0
54,19,2,2662.0
54,20,1,2578.0
55,1,19,2513.0
55,2,18,2463.0
55,3,17,2362.0
55,4,16,2275.0
55,5,15,2380.0
55,6,14,2398.0
55,7,13,2445.0
55,8,12,2368.0
55,9,11,2342.0
55,10,10,2352.0
55,11,9,2466.0
55,12,8,2532.0
55,13,7,2423.0
55,14,6,2411.0
55,15,5,2505.0
55,16,4,2537.0
55,17,3,2618.0
55,18,2,2730.0
55,19,1,2609.0
56,1,18,2364.0
56,2,17,2378.0
56,3,16,2443.0
56,4,15,2453.0
56,5,14,2451.0
56,6,13,2390.0
56,7,12,2586.0
56,8,11,2465.0
56,9,10,2391.0
56,10,9,2543.0
56,11,8,2467.0
56,12,7,2582.0
56,13,6,2567.0
56,14,5,2554.0
56,15,4,2518.0
56,16,3,2573.0
56,17,2,2734.0
56,18,1,2609.0
57,1,17,2462.0
57,2,16,2411.0
57,3,15,2361.0
57,4,14,2393.0
57,5,13,2511.0
57,6,12,2420.0
57,7,11,2472.0
57,8,10,2595.0
57,9,9,2525.0
57,10,8,2636.0
57,11,7,2488.0
57,12,6,2473.0
57,13,5,2704.0
57,14,4,2571.0
57,15,3,2478.0
57,16,2,2709.0
57,17,1,2679.0
58,1,16,2510.0
58,2,15,2497.0
58,3,14,2419.0
58,4,13,2476.0
58,5,12,2327.0
58,6,11,2338.0
58,7,10,2546.0
58,8,9,2471.0
58,9,8,2508.0
58,10,7,2545.0
58,11,6,2577.0
58,12,5,2450.0
58,13,4,2509.0
58,14,3,2644.0
58,15,2,2740.0
58,16,1,2616.0
59,1,15,2436.0
59,2,14,2347.0
59,3,13,2217.0
59,4,12,2610.0
59,5,11,2428.0
59,6,10,2447.0
59,7,9,2469.0
59,8,8,2525.0
59,9,7,2547.0
59,10,6,2490.0
59,11,5,2430.0
59,12,4,2641.0
59,13,3,2458.0
59,14,2,2759.0
59,15,1,2587.0
60,1,14,2429.0
60,2,13,2371.0
60,3,12,2457.0
60,4,11,2395.0
60,5,10,2516.0
60,6,9,2538.0
60,7,8,2469.0
60,8,7,2542.0
60,9,6,2439.0
60,10,5,2573.0
60,11,4,2484.0
60,12,3,2661.0
60,13,2,2525.0
60,14,1,2634.0
61,1,13,2391.0
61,2,12,2583.0
61,3,11,2403.0
61,4,10,2510.0
61,5,9,2385.0
61,6,8,2470.0
61,7,7,2505.0
61,8,6,2435.0
61,9,5,2590.0
61,10,4,2536.0
61,11,3,2476.0
61,12,2,2555.0
61,13,1,2553.0
62,1,12,2398.0
62,2,11,2397.0
62,3,10,2548.0
62,4,9,2497.0
62,5,8,2560.0
62,6,7,2436.0
62,7,6,2551.0
62,8,5,2590.0
62,9,4,2533.0
62,10,3,2503.0
62,11,2,2558.0
62,12,1,2645.0
63,1,11,2258.0
63,2,10,2491.0
63,3,9,2485.0
63,4,8,2405.0
63,5,7,2500.0
63,6,6,2574.0
63,7,5,2565.0
63,8,4,2486.0
63,9,3,2513.0
63,10,2,2712.0
63,11,1,2614.0
64,1,10,2396.0
64,2,9,2410.0
64,3,8,2509.0
64,4,7,2608.0
64,5,6,2588.0
64,6,5,2598.0
64,7,4,2538.0
64,8,3,2567.0
64,9,2,2683.0
64,10,1,2545.0
65,1,9,2548.0
65,2,8,2403.0
65,3,7,2581.0
65,4,6,2590.0
65,5,5,2556.0
65,6,4,2611.0
65,7,3,2565.0
65,8,2,2733.0
65,9,1,2614.0
66,1,8,2413.0
66,2,7,2461.0
66,3,6,2520.0
66,4,5,2538.0
66,5,4,2576.0
66,6,3,2516.0
66,7,2,2411.0
66,8,1,2490.0
67,1,7,2582.0
67,2,6,2563.0
67,3,5,2473.0
67,4,4,2420.0
67,5,3,2670.0
67,6,2,2662.0
67,7,1,2694.0
68,1,6,2634.0
68,2,5,2559.0
68,3,4,2747.0
68,4,3,2620.0
68,5,2,2487.0
68,6,1,2628.0
69,1,5,2577.0
69,2,4,2508.0
69,3,3,2466.0
69,4,2,2710.0
69,5,1,2479.0
70,1,4,2495.0
70,2,3,2545.0
70,3,2,2506.0
70,4,1,2617.0
71,1,3,2675.0
71,2,2,2583.0
71,3,1,2580.0
72,1,2,2541.0
72,2,1,2664.0
73,1,1,2571.0
